Trade number,Type,Date and time,Signal,Price USD,Size (qty),Size (value),Net PnL USD,Return %,Commission USD,Favorable excursion USD,Favorable excursion %,Adverse excursion USD,Adverse excursion %,Cumulative PnL USD,Cumulative PnL %,Duration (bars)
1,Exit long,2026-07-03 01:41,flip,53273,10,265795,520,0.20,50,1180,0.44,-45,-0.02,520,0.05,445
1,Entry long,2026-07-02 18:13,L,53159,10,265795,520,0.20,50,1180,0.44,-45,-0.02,520,0.05,445
2,Exit short,2026-07-05 19:03,flip,53186,16,426184,616,0.14,80,1568,0.37,-624,-0.15,1136,0.11,735
2,Entry short,2026-07-03 01:41,S,53273,16,426184,616,0.14,80,1568,0.37,-624,-0.15,1136,0.11,735
3,Exit long,2026-07-05 23:00,flip,53184,16,425488,-96,-0.02,80,848,0.20,-144,-0.03,1040,0.10,237
3,Entry long,2026-07-05 19:03,L,53186,16,425488,-96,-0.02,80,848,0.20,-144,-0.03,1040,0.10,237
4,Exit short,2026-07-06 03:32,flip,53234,15,398880,-450,-0.11,75,240,0.06,-510,-0.13,590,0.06,264
4,Entry short,2026-07-05 23:00,S,53184,15,398880,-450,-0.11,75,240,0.06,-510,-0.13,590,0.06,264
5,Exit long,2026-07-06 06:03,flip,53198,14,372638,-322,-0.09,70,490,0.13,-434,-0.12,268,0.03,151
5,Entry long,2026-07-06 03:32,L,53234,14,372638,-322,-0.09,70,490,0.13,-434,-0.12,268,0.03,151
6,Exit short,2026-07-06 11:39,flip,53189,15,398985,-7.5,0.00,75,1732.5,0.43,-1432.5,-0.36,260.5,0.03,336
6,Entry short,2026-07-06 06:03,S,53198,15,398985,-7.5,0.00,75,1732.5,0.43,-1432.5,-0.36,260.5,0.03,336
7,Exit long,2026-07-06 16:45,session 4:45,53411,5,132972.5,530,0.40,25,557.5,0.42,-132.5,-0.10,790.5,0.08,306
7,Entry long,2026-07-06 11:39,L,53189,5,132972.5,530,0.40,25,557.5,0.42,-132.5,-0.10,790.5,0.08,306
8,Exit long,2026-07-07 00:52,flip,53390,15,400935,-585,-0.15,75,0,0.00,-585,-0.15,205.5,0.02,179
8,Entry long,2026-07-06 21:52,L,53458,15,400935,-585,-0.15,75,0,0.00,-585,-0.15,205.5,0.02,179
9,Exit short,2026-07-07 04:13,flip,53445,18,480510,-585,-0.12,90,396,0.08,-837,-0.17,-379.5,-0.04,201
9,Entry short,2026-07-07 00:52,S,53390,18,480510,-585,-0.12,90,396,0.08,-837,-0.17,-379.5,-0.04,201
10,Exit long,2026-07-07 10:23,flip,53311,11,293947.5,-792,-0.27,55,1149.5,0.39,-1105.5,-0.38,-1171.5,-0.12,370
10,Entry long,2026-07-07 04:13,L,53445,11,293947.5,-792,-0.27,55,1149.5,0.39,-1105.5,-0.38,-1171.5,-0.12,370
11,Exit short,2026-07-07 16:45,session 4:45,53173,3,79966.5,192,0.24,15,340.5,0.43,-45,-0.06,-979.5,-0.10,382
11,Entry short,2026-07-07 10:23,S,53311,3,79966.5,192,0.24,15,340.5,0.43,-45,-0.06,-979.5,-0.10,382
12,Exit short,2026-07-07 21:13,flip,53196,17,451894,-357,-0.08,85,544,0.12,-425,-0.09,-1336.5,-0.13,139
12,Entry short,2026-07-07 18:52,S,53164,17,451894,-357,-0.08,85,544,0.12,-425,-0.09,-1336.5,-0.13,139
13,Exit long,2026-07-07 21:54,flip,53167,13,345774,-253.5,-0.07,65,0,0.00,-292.5,-0.08,-1590,-0.16,41
13,Entry long,2026-07-07 21:13,L,53196,13,345774,-253.5,-0.07,65,0,0.00,-292.5,-0.08,-1590,-0.16,41
14,Exit short,2026-07-08 01:00,flip,53162,16,425336,-40,-0.01,80,384,0.09,-112,-0.03,-1630,-0.16,180
14,Entry short,2026-07-07 21:54,S,53167,16,425336,-40,-0.01,80,384,0.09,-112,-0.03,-1630,-0.16,180
15,Exit long,2026-07-08 01:45,flip,53124,20,531620,-480,-0.09,100,0,0.00,-540,-0.10,-2110,-0.21,45
15,Entry long,2026-07-08 01:00,L,53162,20,531620,-480,-0.09,100,0,0.00,-540,-0.10,-2110,-0.21,45
16,Exit short,2026-07-08 08:28,flip,52772,17,451554,2907,0.64,85,5576,1.23,-51,-0.01,797,0.08,403
16,Entry short,2026-07-08 01:45,S,53124,17,451554,2907,0.64,85,5576,1.23,-51,-0.01,797,0.08,403
17,Exit long,2026-07-08 10:11,flip,52688,6,158316,-282,-0.18,30,117,0.07,-528,-0.33,515,0.05,103
17,Entry long,2026-07-08 08:28,L,52772,6,158316,-282,-0.18,30,117,0.07,-528,-0.33,515,0.05,103
18,Exit short,2026-07-08 13:15,flip,52609,3,79032,103.5,0.13,15,510,0.65,-21,-0.03,618.5,0.06,184
18,Entry short,2026-07-08 10:11,S,52688,3,79032,103.5,0.13,15,510,0.65,-21,-0.03,618.5,0.06,184
19,Exit long,2026-07-08 16:45,session 4:45,52563,5,131522.5,-140,-0.11,25,192.5,0.15,-205,-0.16,478.5,0.05,210
19,Entry long,2026-07-08 13:15,L,52609,5,131522.5,-140,-0.11,25,192.5,0.15,-205,-0.16,478.5,0.05,210
20,Exit short,2026-07-08 20:08,flip,52597,11,289096.5,-242,-0.08,55,5.5,0.00,-280.5,-0.10,236.5,0.02,107
20,Entry short,2026-07-08 18:18,S,52563,11,289096.5,-242,-0.08,55,5.5,0.00,-280.5,-0.10,236.5,0.02,107
21,Exit long,2026-07-09 05:07,flip,52656,11,289283.5,269.5,0.09,55,869,0.30,-88,-0.03,506,0.05,535
21,Entry long,2026-07-08 20:08,L,52597,11,289283.5,269.5,0.09,55,869,0.30,-88,-0.03,506,0.05,535
22,Exit short,2026-07-09 09:01,flip,52677,10,263280,-155,-0.06,50,745,0.28,-180,-0.07,351,0.04,234
22,Entry short,2026-07-09 05:07,S,52656,10,263280,-155,-0.06,50,745,0.28,-180,-0.07,351,0.04,234
23,Exit long,2026-07-09 15:29,flip,52714,8,210708,108,0.05,40,736,0.35,-540,-0.26,459,0.05,388
23,Entry long,2026-07-09 09:01,L,52677,8,210708,108,0.05,40,736,0.35,-540,-0.26,459,0.05,388
24,Exit short,2026-07-09 16:45,session 4:45,52751,9,237213,-211.5,-0.09,45,45,0.02,-351,-0.15,247.5,0.02,76
24,Entry short,2026-07-09 15:29,S,52714,9,237213,-211.5,-0.09,45,45,0.02,-351,-0.15,247.5,0.02,76
25,Exit long,2026-07-09 20:19,flip,52734,20,527580,-340,-0.06,100,0,0.00,-400,-0.08,-92.5,-0.01,23
25,Entry long,2026-07-09 19:56,L,52758,20,527580,-340,-0.06,100,0,0.00,-400,-0.08,-92.5,-0.01,23
26,Exit short,2026-07-10 02:30,flip,52810,15,395505,-645,-0.16,75,195,0.05,-660,-0.17,-737.5,-0.07,360
26,Entry short,2026-07-09 20:19,S,52734,15,395505,-645,-0.16,75,195,0.05,-660,-0.17,-737.5,-0.07,360
27,Exit long,2026-07-10 10:02,flip,52807,10,264050,-65,-0.02,50,685,0.26,-270,-0.10,-802.5,-0.08,452
27,Entry long,2026-07-10 02:30,L,52810,10,264050,-65,-0.02,50,685,0.26,-270,-0.10,-802.5,-0.08,452
28,Exit short,2026-07-10 11:54,flip,52894,4,105614,-194,-0.18,20,602,0.57,-242,-0.23,-996.5,-0.10,112
28,Entry short,2026-07-10 10:02,S,52807,4,105614,-194,-0.18,20,602,0.57,-242,-0.23,-996.5,-0.10,112
29,Exit long,2026-07-10 16:45,session 4:45,52970,5,132235,165,0.12,25,212.5,0.16,-215,-0.16,-831.5,-0.08,291
29,Entry long,2026-07-10 11:54,L,52894,5,132235,165,0.12,25,212.5,0.16,-215,-0.16,-831.5,-0.08,291
30,Exit short,2026-07-13 02:42,flip,52785,20,528050,100,0.02,100,1440,0.27,-420,-0.08,-731.5,-0.07,438
30,Entry short,2026-07-12 19:22,S,52805,20,528050,100,0.02,100,1440,0.27,-420,-0.08,-731.5,-0.07,438
31,Exit long,2026-07-13 08:07,flip,52845,12,316710,300,0.09,60,1152,0.36,-30,-0.01,-431.5,-0.04,325
31,Entry long,2026-07-13 02:42,L,52785,12,316710,300,0.09,60,1152,0.36,-30,-0.01,-431.5,-0.04,325
32,Exit short,2026-07-13 09:48,flip,53009,11,290647.5,-957,-0.33,55,198,0.07,-1265,-0.44,-1388.5,-0.14,101
32,Entry short,2026-07-13 08:07,S,52845,11,290647.5,-957,-0.33,55,198,0.07,-1265,-0.44,-1388.5,-0.14,101
33,Exit long,2026-07-13 11:02,flip,52817,3,79513.5,-303,-0.38,15,150,0.19,-369,-0.46,-1691.5,-0.17,74
33,Entry long,2026-07-13 09:48,L,53009,3,79513.5,-303,-0.38,15,150,0.19,-369,-0.46,-1691.5,-0.17,74
34,Exit short,2026-07-13 16:45,session 4:45,52708,4,105634,198,0.19,20,420,0.40,-22,-0.02,-1493.5,-0.15,343
34,Entry short,2026-07-13 11:02,S,52817,4,105634,198,0.19,20,420,0.40,-22,-0.02,-1493.5,-0.15,343
35,Exit short,2026-07-14 01:21,flip,52699,17,447652.5,-374,-0.08,85,858.5,0.19,-501.5,-0.11,-1867.5,-0.19,349
35,Entry short,2026-07-13 19:31,S,52665,17,447652.5,-374,-0.08,85,858.5,0.19,-501.5,-0.11,-1867.5,-0.19,349
36,Exit long,2026-07-14 04:04,flip,52610,16,421592,-792,-0.19,80,312,0.07,-1088,-0.26,-2659.5,-0.27,162
36,Entry long,2026-07-14 01:21,L,52699,16,421592,-792,-0.19,80,312,0.07,-1088,-0.26,-2659.5,-0.27,162
37,Exit short,2026-07-14 06:36,flip,52693,6,157830,-279,-0.18,30,138,0.09,-303,-0.19,-2938.5,-0.29,152
37,Entry short,2026-07-14 04:04,S,52610,6,157830,-279,-0.18,30,138,0.09,-303,-0.19,-2938.5,-0.29,152
38,Exit long,2026-07-14 07:40,flip,52425,4,105386,-556,-0.53,20,126,0.12,-886,-0.84,-3494.5,-0.35,64
38,Entry long,2026-07-14 06:36,L,52693,4,105386,-556,-0.53,20,126,0.12,-886,-0.84,-3494.5,-0.35,64
39,Exit short,2026-07-14 09:05,flip,52674,3,78637.5,-388.5,-0.49,15,55.5,0.07,-711,-0.90,-3883,-0.39,85
39,Entry short,2026-07-14 07:40,S,52425,3,78637.5,-388.5,-0.49,15,55.5,0.07,-711,-0.90,-3883,-0.39,85
40,Exit long,2026-07-14 12:46,flip,52627,4,105348,-114,-0.11,20,604,0.57,-216,-0.21,-3997,-0.40,221
40,Entry long,2026-07-14 09:05,L,52674,4,105348,-114,-0.11,20,604,0.57,-216,-0.21,-3997,-0.40,221
41,Exit short,2026-07-14 14:29,flip,52736,6,157881,-357,-0.23,30,39,0.02,-384,-0.24,-4354,-0.44,103
41,Entry short,2026-07-14 12:46,S,52627,6,157881,-357,-0.23,30,39,0.02,-384,-0.24,-4354,-0.44,103
42,Exit long,2026-07-14 16:45,session 4:45,52785,9,237312,175.5,0.07,45,373.5,0.16,-171,-0.07,-4178.5,-0.42,136
42,Entry long,2026-07-14 14:29,L,52736,9,237312,175.5,0.07,45,373.5,0.16,-171,-0.07,-4178.5,-0.42,136
43,Exit long,2026-07-15 03:19,flip,52760,20,528500,-1000,-0.19,100,190,0.04,-1040,-0.20,-5178.5,-0.52,188
43,Entry long,2026-07-15 00:11,L,52850,20,528500,-1000,-0.19,100,190,0.04,-1040,-0.20,-5178.5,-0.52,188
44,Exit short,2026-07-15 04:58,flip,52875,14,369320,-875,-0.24,70,399,0.11,-924,-0.25,-6053.5,-0.61,99
44,Entry short,2026-07-15 03:19,S,52760,14,369320,-875,-0.24,70,399,0.11,-924,-0.25,-6053.5,-0.61,99
45,Exit long,2026-07-15 06:46,flip,52794,10,264375,-455,-0.17,50,220,0.08,-535,-0.20,-6508.5,-0.65,108
45,Entry long,2026-07-15 04:58,L,52875,10,264375,-455,-0.17,50,220,0.08,-535,-0.20,-6508.5,-0.65,108
46,Exit short,2026-07-15 09:06,flip,52911,8,211176,-508,-0.24,40,188,0.09,-608,-0.29,-7016.5,-0.70,140
46,Entry short,2026-07-15 06:46,S,52794,8,211176,-508,-0.24,40,188,0.09,-608,-0.29,-7016.5,-0.70,140
47,Exit long,2026-07-15 13:15,flip,52781,7,185188.5,-490,-0.26,35,598.5,0.32,-829.5,-0.45,-7506.5,-0.75,249
47,Entry long,2026-07-15 09:06,L,52911,7,185188.5,-490,-0.26,35,598.5,0.32,-829.5,-0.45,-7506.5,-0.75,249
48,Exit short,2026-07-15 14:34,flip,52922,6,158343,-453,-0.29,30,45,0.03,-528,-0.33,-7959.5,-0.80,79
48,Entry short,2026-07-15 13:15,S,52781,6,158343,-453,-0.29,30,45,0.03,-528,-0.33,-7959.5,-0.80,79
49,Exit long,2026-07-15 16:45,session 4:45,52911,7,185227,-73.5,-0.04,35,45.5,0.02,-325.5,-0.18,-8033,-0.80,131
49,Entry long,2026-07-15 14:34,L,52922,7,185227,-73.5,-0.04,35,45.5,0.02,-325.5,-0.18,-8033,-0.80,131
50,Exit long,2026-07-15 21:45,flip,52898,18,476568,-576,-0.12,90,9,0.00,-756,-0.16,-8609,-0.86,74
50,Entry long,2026-07-15 20:30,L,52952,18,476568,-576,-0.12,90,9,0.00,-756,-0.16,-8609,-0.86,74
51,Exit short,2026-07-15 23:20,flip,52930,17,449633,-357,-0.08,85,331.5,0.07,-399.5,-0.09,-8966,-0.90,95
51,Entry short,2026-07-15 21:45,S,52898,17,449633,-357,-0.08,85,331.5,0.07,-399.5,-0.09,-8966,-0.90,95
52,Exit long,2026-07-16 03:33,flip,52895,20,529300,-450,-0.09,100,610,0.12,-550,-0.10,-9416,-0.94,251
52,Entry long,2026-07-15 23:20,L,52930,20,529300,-450,-0.09,100,610,0.12,-550,-0.10,-9416,-0.94,251
53,Exit short,2026-07-16 06:31,flip,53017,11,290922.5,-726,-0.25,55,313.5,0.11,-913,-0.31,-10142,-1.01,178
53,Entry short,2026-07-16 03:33,S,52895,11,290922.5,-726,-0.25,55,313.5,0.11,-913,-0.31,-10142,-1.01,178
54,Exit long,2026-07-16 08:49,flip,52907,6,159051,-360,-0.23,30,39,0.02,-486,-0.31,-10502,-1.05,138
54,Entry long,2026-07-16 06:31,L,53017,6,159051,-360,-0.23,30,39,0.02,-486,-0.31,-10502,-1.05,138
55,Exit short,2026-07-16 09:45,flip,52992,6,158721,-285,-0.18,30,6,0.00,-549,-0.35,-10787,-1.08,56
55,Entry short,2026-07-16 08:49,S,52907,6,158721,-285,-0.18,30,6,0.00,-549,-0.35,-10787,-1.08,56
56,Exit long,2026-07-16 10:15,flip,52871,3,79488,-196.5,-0.25,15,33,0.04,-220.5,-0.28,-10983.5,-1.10,30
56,Entry long,2026-07-16 09:45,L,52992,3,79488,-196.5,-0.25,15,33,0.04,-220.5,-0.28,-10983.5,-1.10,30
57,Exit short,2026-07-16 11:04,flip,53035,3,79306.5,-261,-0.33,15,13.5,0.02,-301.5,-0.38,-11244.5,-1.12,49
57,Entry short,2026-07-16 10:15,S,52871,3,79306.5,-261,-0.33,15,13.5,0.02,-301.5,-0.38,-11244.5,-1.12,49
58,Exit long,2026-07-16 12:39,flip,52850,4,106070,-390,-0.37,20,136,0.13,-432,-0.41,-11634.5,-1.16,95
58,Entry long,2026-07-16 11:04,L,53035,4,106070,-390,-0.37,20,136,0.13,-432,-0.41,-11634.5,-1.16,95
59,Exit short,2026-07-16 16:45,session 4:45,52740,5,132125,250,0.19,25,587.5,0.44,-330,-0.25,-11384.5,-1.14,246
59,Entry short,2026-07-16 12:39,S,52850,5,132125,250,0.19,25,587.5,0.44,-330,-0.25,-11384.5,-1.14,246
60,Exit short,2026-07-17 03:26,flip,52486,17,447950,1734,0.39,85,3162,0.71,-85,-0.02,-9650.5,-0.97,463
60,Entry short,2026-07-16 19:43,S,52700,17,447950,1734,0.39,85,3162,0.71,-85,-0.02,-9650.5,-0.97,463
61,Exit long,2026-07-17 09:29,flip,52244,8,209944,-1008,-0.48,40,340,0.16,-1060,-0.50,-10658.5,-1.07,363
61,Entry long,2026-07-17 03:26,L,52486,8,209944,-1008,-0.48,40,340,0.16,-1060,-0.50,-10658.5,-1.07,363
62,Exit short,2026-07-17 10:55,flip,52760,3,78366,-789,-1.01,15,102,0.13,-892.5,-1.14,-11447.5,-1.14,86
62,Entry short,2026-07-17 09:29,S,52244,3,78366,-789,-1.01,15,102,0.13,-892.5,-1.14,-11447.5,-1.14,86
63,Exit long,2026-07-17 13:38,flip,52556,4,105520,-428,-0.41,20,16,0.02,-490,-0.46,-11875.5,-1.19,163
63,Entry long,2026-07-17 10:55,L,52760,4,105520,-428,-0.41,20,16,0.02,-490,-0.46,-11875.5,-1.19,163
64,Exit short,2026-07-17 16:45,session 4:45,52375,6,157668,513,0.33,30,705,0.45,-48,-0.03,-11362.5,-1.14,187
64,Entry short,2026-07-17 13:38,S,52556,6,157668,513,0.33,30,705,0.45,-48,-0.03,-11362.5,-1.14,187
65,Exit short,2026-07-19 21:25,flip,52382,7,183008,-364,-0.20,35,35,0.02,-423.5,-0.23,-11726.5,-1.17,179
65,Entry short,2026-07-19 18:26,S,52288,7,183008,-364,-0.20,35,35,0.02,-423.5,-0.23,-11726.5,-1.17,179
66,Exit long,2026-07-19 22:14,flip,52315,11,288101,-423.5,-0.15,55,0,0.00,-577.5,-0.20,-12150,-1.21,49
66,Entry long,2026-07-19 21:25,L,52382,11,288101,-423.5,-0.15,55,0,0.00,-577.5,-0.20,-12150,-1.21,49
67,Exit short,2026-07-20 03:58,flip,52436,10,261575,-655,-0.25,50,205,0.08,-800,-0.31,-12805,-1.28,341
67,Entry short,2026-07-19 22:14,S,52315,10,261575,-655,-0.25,50,205,0.08,-800,-0.31,-12805,-1.28,341
68,Exit long,2026-07-20 10:30,flip,52232,7,183526,-749,-0.41,35,679,0.37,-819,-0.45,-13554,-1.36,392
68,Entry long,2026-07-20 03:58,L,52436,7,183526,-749,-0.41,35,679,0.37,-819,-0.45,-13554,-1.36,392
69,Exit short,2026-07-20 16:45,session 4:45,52076,4,104464,292,0.28,20,458,0.44,-154,-0.15,-13262,-1.33,375
69,Entry short,2026-07-20 10:30,S,52232,4,104464,292,0.28,20,458,0.44,-154,-0.15,-13262,-1.33,375
70,Exit long,2026-07-20 22:12,flip,52093,13,338754,-214.5,-0.06,65,123.5,0.04,-273,-0.08,-13476.5,-1.35,65
70,Entry long,2026-07-20 21:07,L,52116,13,338754,-214.5,-0.06,65,123.5,0.04,-273,-0.08,-13476.5,-1.35,65
71,Exit short,2026-07-20 22:55,flip,52131,13,338604.5,-312,-0.09,65,84.5,0.02,-312,-0.09,-13788.5,-1.38,43
71,Entry short,2026-07-20 22:12,S,52093,13,338604.5,-312,-0.09,65,84.5,0.02,-312,-0.09,-13788.5,-1.38,43
72,Exit long,2026-07-21 08:15,flip,52163,20,521310,220,0.04,100,1900,0.36,-80,-0.02,-13568.5,-1.36,557
72,Entry long,2026-07-20 22:55,L,52131,20,521310,220,0.04,100,1900,0.36,-80,-0.02,-13568.5,-1.36,557
73,Exit short,2026-07-21 10:49,flip,52364,7,182570.5,-738.5,-0.40,35,245,0.13,-889,-0.49,-14307,-1.43,154
73,Entry short,2026-07-21 08:15,S,52163,7,182570.5,-738.5,-0.40,35,245,0.13,-889,-0.49,-14307,-1.43,154
74,Exit long,2026-07-21 15:50,flip,52428,4,104728,108,0.10,20,444,0.42,-160,-0.15,-14199,-1.42,301
74,Entry long,2026-07-21 10:49,L,52364,4,104728,108,0.10,20,444,0.42,-160,-0.15,-14199,-1.42,301
75,Exit short,2026-07-21 16:45,session 4:45,52426,8,209712,-32,-0.02,40,36,0.02,-116,-0.06,-14231,-1.42,55
75,Entry short,2026-07-21 15:50,S,52428,8,209712,-32,-0.02,40,36,0.02,-116,-0.06,-14231,-1.42,55
76,Exit short,2026-07-22 04:52,flip,52427,14,366877,-182,-0.05,70,987,0.27,-266,-0.07,-14413,-1.44,637
76,Entry short,2026-07-21 18:06,S,52411,14,366877,-182,-0.05,70,987,0.27,-266,-0.07,-14413,-1.44,637
77,Exit long,2026-07-22 07:40,flip,52349,9,235921.5,-396,-0.17,45,207,0.09,-391.5,-0.17,-14809,-1.48,168
77,Entry long,2026-07-22 04:52,L,52427,9,235921.5,-396,-0.17,45,207,0.09,-391.5,-0.17,-14809,-1.48,168
78,Exit short,2026-07-22 12:19,flip,52630,8,209396,-1164,-0.56,40,328,0.16,-1508,-0.72,-15973,-1.60,279
78,Entry short,2026-07-22 07:40,S,52349,8,209396,-1164,-0.56,40,328,0.16,-1508,-0.72,-15973,-1.60,279
79,Exit long,2026-07-22 14:32,flip,52492,7,184205,-518,-0.28,35,59.5,0.03,-563.5,-0.31,-16491,-1.65,133
79,Entry long,2026-07-22 12:19,L,52630,7,184205,-518,-0.28,35,59.5,0.03,-563.5,-0.31,-16491,-1.65,133
80,Exit short,2026-07-22 16:45,session 4:45,52508,10,262460,-130,-0.05,50,370,0.14,-275,-0.10,-16621,-1.66,133
80,Entry short,2026-07-22 14:32,S,52492,10,262460,-130,-0.05,50,370,0.14,-275,-0.10,-16621,-1.66,133
81,Exit short,2026-07-22 21:35,flip,52494,17,445170.5,-1113.5,-0.25,85,0,0.00,-1232.5,-0.28,-17734.5,-1.77,148
81,Entry short,2026-07-22 19:04,S,52373,17,445170.5,-1113.5,-0.25,85,0,0.00,-1232.5,-0.28,-17734.5,-1.77,148
82,Exit long,2026-07-22 23:34,flip,52387,12,314964,-702,-0.22,60,0,0.00,-738,-0.23,-18436.5,-1.84,119
82,Entry long,2026-07-22 21:35,L,52494,12,314964,-702,-0.22,60,0,0.00,-738,-0.23,-18436.5,-1.84,119
83,Exit short,2026-07-23 12:59,flip,51937,14,366709,3080,0.84,70,4557,1.24,-252,-0.07,-15356.5,-1.54,801
83,Entry short,2026-07-22 23:34,S,52387,14,366709,3080,0.84,70,4557,1.24,-252,-0.07,-15356.5,-1.54,801
84,Exit long,2026-07-23 14:14,flip,51793,5,129842.5,-385,-0.30,25,42.5,0.03,-417.5,-0.32,-15741.5,-1.57,75
84,Entry long,2026-07-23 12:59,L,51937,5,129842.5,-385,-0.30,25,42.5,0.03,-417.5,-0.32,-15741.5,-1.57,75
85,Exit short,2026-07-23 16:45,session 4:45,51896,7,181275.5,-395.5,-0.22,35,7,0.00,-479.5,-0.26,-16137,-1.61,151
85,Entry short,2026-07-23 14:14,S,51793,7,181275.5,-395.5,-0.22,35,7,0.00,-479.5,-0.26,-16137,-1.61,151
86,Exit short,2026-07-23 20:58,flip,51944,20,518580,-960,-0.19,100,0,0.00,-1120,-0.22,-17097,-1.71,78
86,Entry short,2026-07-23 19:40,S,51858,20,518580,-960,-0.19,100,0,0.00,-1120,-0.22,-17097,-1.71,78
87,Exit long,2026-07-23 23:55,flip,51902,11,285692,-286,-0.10,55,154,0.05,-363,-0.13,-17383,-1.74,176
87,Entry long,2026-07-23 20:58,L,51944,11,285692,-286,-0.10,55,154,0.05,-363,-0.13,-17383,-1.74,176
88,Exit short,2026-07-24 01:44,flip,51948,18,467118,-504,-0.11,90,171,0.04,-576,-0.12,-17887,-1.79,108
88,Entry short,2026-07-23 23:55,S,51902,18,467118,-504,-0.11,90,171,0.04,-576,-0.12,-17887,-1.79,108
89,Exit long,2026-07-24 09:15,flip,52028,16,415584,560,0.13,80,1952,0.47,-392,-0.09,-17327,-1.73,451
89,Entry long,2026-07-24 01:44,L,51948,16,415584,560,0.13,80,1952,0.47,-392,-0.09,-17327,-1.73,451
90,Exit short,2026-07-24 11:50,flip,52282,8,208112,-1056,-0.51,40,584,0.28,-1132,-0.54,-18383,-1.84,155
90,Entry short,2026-07-24 09:15,S,52028,8,208112,-1056,-0.51,40,584,0.28,-1132,-0.54,-18383,-1.84,155
91,Exit long,2026-07-24 14:48,flip,52056,4,104564,-472,-0.45,20,58,0.06,-550,-0.53,-18855,-1.89,178
91,Entry long,2026-07-24 11:50,L,52282,4,104564,-472,-0.45,20,58,0.06,-550,-0.53,-18855,-1.89,178
92,Exit short,2026-07-24 16:45,session 4:45,52089,5,130140,-107.5,-0.08,25,27.5,0.02,-232.5,-0.18,-18962.5,-1.90,117
92,Entry short,2026-07-24 14:48,S,52056,5,130140,-107.5,-0.08,25,27.5,0.02,-232.5,-0.18,-18962.5,-1.90,117
93,Exit long,2026-07-27 11:18,flip,52360,8,209488,-88,-0.04,40,1656,0.79,-340,-0.16,-19050.5,-1.91,1002
93,Entry long,2026-07-26 18:32,L,52372,8,209488,-88,-0.04,40,1656,0.79,-340,-0.16,-19050.5,-1.91,1002
94,Exit short,2026-07-27 15:40,flip,52393,3,78540,-64.5,-0.08,15,273,0.35,-76.5,-0.10,-19115,-1.91,262
94,Entry short,2026-07-27 11:18,S,52360,3,78540,-64.5,-0.08,15,273,0.35,-76.5,-0.10,-19115,-1.91,262
95,Exit long,2026-07-27 16:45,session 4:45,52404,7,183375.5,3.5,0.00,35,108.5,0.06,-182,-0.10,-19111.5,-1.91,65
95,Entry long,2026-07-27 15:40,L,52393,7,183375.5,3.5,0.00,35,108.5,0.06,-182,-0.10,-19111.5,-1.91,65