Instrument,Action,Type,Quantity,Limit,Stop,State,Filled,Avg. price,Remaining,Name,Strategy,OCO,TIF,Account display name,ID,Time,Cancel,
MCL SEP26,Buy to cover,Market,1,0,0,Filled,1,90.54,0,Close,,,DAY,DEMO7298826,474083431392,7/24/2026 4:50:01 PM,,
MNQ SEP26,Buy to cover,Market,1,0,0,Filled,1,28297.25,0,Close,,,DAY,DEMO7298826,474083431381,7/24/2026 4:50:00 PM,,
M2K SEP26,Sell,Market,4,0,0,Filled,4,2943.4,0,Close,,,DAY,DEMO7298826,474083431370,7/24/2026 4:50:00 PM,,
MNQ SEP26,Sell,Market,1,0,0,Filled,1,28472.25,0,,,,DAY,DEMO7298826,474083431361,7/24/2026 12:55:01 PM,,
MNQ SEP26,Sell,Market,1,0,0,Filled,1,28473,0,Close,,,DAY,DEMO7298826,474083431350,7/24/2026 12:55:00 PM,,
MNQ SEP26,Buy,Market,1,0,0,Filled,1,28673,0,,,,DAY,DEMO7298826,474083431341,7/24/2026 8:10:02 AM,,
MNQ SEP26,Buy to cover,Market,1,0,0,Filled,1,28673.5,0,Close,,,DAY,DEMO7298826,474083431330,7/24/2026 8:10:01 AM,,
M2K SEP26,Buy,Market,4,0,0,Filled,4,2963.2,0,,,,DAY,DEMO7298826,474083431321,7/24/2026 8:05:06 AM,,
M2K SEP26,Buy to cover,Market,7,0,0,Filled,7,2963.3,0,Close,,,DAY,DEMO7298826,474083431310,7/24/2026 8:05:06 AM,,
MCL SEP26,Sell,Market,1,0,0,Filled,1,89.64,0,,,,DAY,DEMO7298826,474083431302,7/24/2026 8:05:03 AM,,
M2K SEP26,Sell,Market,7,0,0,Filled,7,2945.8,0,,,,DAY,DEMO7298826,474083431293,7/24/2026 2:15:00 AM,,
MNQ SEP26,Sell,Market,1,0,0,Filled,1,28655.5,0,,,,DAY,DEMO7298826,474083431283,7/23/2026 9:30:01 PM,,
MYM SEP26,Buy to cover,Market,3,0,0,Filled,3,51893,0,Close,,,DAY,DEMO7298826,474083431265,7/23/2026 4:50:31 PM,,
M2K SEP26,Buy to cover,Market,3,0,0,Filled,3,2949.9,0,Close,,,DAY,DEMO7298826,474083431254,7/23/2026 4:50:02 PM,,
M2K SEP26,Sell,Market,3,0,0,Filled,3,2943,0,,,,DAY,DEMO7298826,474083431245,7/23/2026 1:35:01 PM,,
M2K SEP26,Sell,Market,5,0,0,Filled,5,2943,0,Close,,,DAY,DEMO7298826,474083431234,7/23/2026 1:35:01 PM,,
M2K SEP26,Buy,Market,5,0,0,Filled,5,2969,0,,,,DAY,DEMO7298826,474083431225,7/23/2026 6:35:15 AM,,
M2K SEP26,Buy to cover,Market,5,0,0,Filled,5,2969.1,0,Close,,,DAY,DEMO7298826,474083431214,7/23/2026 6:35:15 AM,,
M2K SEP26,Sell,Market,5,0,0,Filled,5,2968.2,0,,,,DAY,DEMO7298826,474083431205,7/22/2026 6:20:05 PM,,
MYM SEP26,Sell,Market,3,0,0,Filled,3,52401,0,,,,DAY,DEMO7298826,474083431196,7/22/2026 6:05:01 PM,,
MYM SEP26,Buy to cover,Market,8,0,0,Filled,8,52505,0,Close,,,DAY,DEMO7298826,474083431176,7/22/2026 4:50:02 PM,,
M2K SEP26,Buy to cover,Market,4,0,0,Filled,4,2972.2,0,Close,,,DAY,DEMO7298826,474083431165,7/22/2026 4:50:02 PM,,
MNQ SEP26,Buy to cover,Market,1,0,0,Filled,1,29190.75,0,Close,,,DAY,DEMO7298826,474083431154,7/22/2026 4:50:01 PM,,
M2K SEP26,Sell,Market,4,0,0,Filled,4,2984.5,0,,,,DAY,DEMO7298826,474083431145,7/22/2026 9:15:01 AM,,
MNQ SEP26,Sell,Market,1,0,0,Filled,1,29067.25,0,,,,DAY,DEMO7298826,474083431136,7/22/2026 4:15:00 AM,,
MYM SEP26,Sell,Market,8,0,0,Filled,8,52413,0,,,,DAY,DEMO7298826,474083431127,7/21/2026 11:50:04 PM,,
MCL SEP26,Sell,Market,2,0,0,Filled,2,84.46,0,Close,,,DAY,DEMO7298826,474083431107,7/21/2026 4:50:06 PM,,
MYM SEP26,Sell,Market,4,0,0,Filled,4,52416,0,Close,,,DAY,DEMO7298826,474083431096,7/21/2026 4:50:02 PM,,
M2K SEP26,Buy to cover,Market,4,0,0,Filled,4,2994.7,0,Close,,,DAY,DEMO7298826,474083431085,7/21/2026 4:50:01 PM,,
MNQ SEP26,Sell,Market,1,0,0,Filled,1,29283,0,Close,,,DAY,DEMO7298826,474083431074,7/21/2026 4:50:00 PM,,
MNQ SEP26,Buy,Market,1,0,0,Filled,1,29340.25,0,,,,DAY,DEMO7298826,474083431065,7/21/2026 3:55:01 PM,,
MNQ SEP26,Buy to cover,Market,1,0,0,Filled,1,29336.75,0,Close,,,DAY,DEMO7298826,474083431054,7/21/2026 3:55:01 PM,,
MCL SEP26,Buy,Market,2,0,0,Filled,2,84.4,0,,,,DAY,DEMO7298826,474083431047,7/21/2026 2:35:03 PM,,
MCL SEP26,Buy to cover,Market,4,0,0,Filled,4,84.4,0,Close,,,DAY,DEMO7298826,474083431038,7/21/2026 2:35:03 PM,,
MNQ SEP26,Sell,Market,1,0,0,Filled,1,29146,0,,,,DAY,DEMO7298826,474083431029,7/21/2026 9:50:01 AM,,
MNQ SEP26,Sell,Market,1,0,0,Filled,1,29145.25,0,Close,,,DAY,DEMO7298826,474083431018,7/21/2026 9:50:00 AM,,
MNQ SEP26,Buy,Market,1,0,0,Filled,1,29178.25,0,,,,DAY,DEMO7298826,474083431008,7/21/2026 7:50:02 AM,,
MYM SEP26,Buy,Market,4,0,0,Filled,4,52256,0,,,,DAY,DEMO7298826,474083430999,7/21/2026 4:20:01 AM,,
MCL SEP26,Sell,Market,4,0,0,Filled,4,81.91,0,,,,DAY,DEMO7298826,474083430992,7/21/2026 1:50:00 AM,,
M2K SEP26,Sell,Market,4,0,0,Filled,4,2955.1,0,,,,DAY,DEMO7298826,474083430982,7/20/2026 8:25:05 PM,,
MCL SEP26,Buy to cover,Market,1,0,0,Filled,1,82.48,0,Close,,,DAY,DEMO7298826,474083430966,7/20/2026 4:50:04 PM,,
MYM SEP26,Sell,Market,2,0,0,Filled,2,52083,0,Close,,,DAY,DEMO7298826,474083430955,7/20/2026 4:50:03 PM,,
MCL SEP26,Sell,Market,1,0,0,Filled,1,81.18,0,,,,DAY,DEMO7298826,474083430948,7/20/2026 9:35:10 AM,,
MCL SEP26,Sell,Market,3,0,0,Filled,3,81.18,0,Close,,,DAY,DEMO7298826,474083430939,7/20/2026 9:35:10 AM,,
MYM SEP26,Buy,Market,2,0,0,Filled,2,52499,0,,,,DAY,DEMO7298826,474083430930,7/20/2026 9:35:01 AM,,
MYM SEP26,Buy to cover,Market,4,0,0,Filled,4,52499,0,Close,,,DAY,DEMO7298826,474083430919,7/20/2026 9:35:01 AM,,
MCL SEP26,Buy,Market,3,0,0,Filled,3,83.81,0,,,,DAY,DEMO7298826,474083430911,7/19/2026 9:50:05 PM,,
MYM SEP26,Sell,Market,4,0,0,Initialized,4,0,0,,,,DAY,DEMO7298826,474083430900,7/19/2026 9:45:05 PM,,
