Time,Category,Message,
7/24/2026 4:50:01 PM,Position,Instrument='MCL SEP26' Account='DEMO7298826' Average price=0 Quantity=0 Market position=Flat Operation=Remove,
7/24/2026 4:50:01 PM,Execution,Execution='474083431392_1' Instrument='MCL SEP26' Account='DEMO7298826' Exchange=Default Price=90.54 Quantity=1 Market position=Long Operation=Operation_Add Order='474083431392' Time='7/24/2026 4:50 PM',
7/24/2026 4:50:01 PM,Order,Order='474083431392/DEMO7298826' Name='Close' New state='Filled' Instrument='MCL SEP26' Action='Buy to cover' Limit price=0 Stop price=0 Quantity=1 Type='Market' Time in force=DAY Oco='' Filled=1 Fill price=90.54 Error='No error' Native error='',
7/24/2026 4:50:01 PM,Order,Order='474083431392/DEMO7298826' Name='Close' New state='Working' Instrument='MCL SEP26' Action='Buy to cover' Limit price=0 Stop price=0 Quantity=1 Type='Market' Time in force=DAY Oco='' Filled=0 Fill price=0 Error='No error' Native error='',
7/24/2026 4:50:01 PM,Order,Order='474083431392/DEMO7298826' Name='Close' New state='Accepted' Instrument='MCL SEP26' Action='Buy to cover' Limit price=0 Stop price=0 Quantity=1 Type='Market' Time in force=DAY Oco='' Filled=0 Fill price=0 Error='No error' Native error='',
7/24/2026 4:50:01 PM,Order,Order='474083431392/DEMO7298826' Name='Close' New state='Submitted' Instrument='MCL SEP26' Action='Buy to cover' Limit price=0 Stop price=0 Quantity=1 Type='Market' Time in force=DAY Oco='' Filled=0 Fill price=0 Error='No error' Native error='',
7/24/2026 4:50:01 PM,Position,Flatten account='DEMO7298826',
7/24/2026 4:50:01 PM,Position,Instrument='MNQ SEP26' Account='DEMO7298826' Average price=0 Quantity=0 Market position=Flat Operation=Remove,
7/24/2026 4:50:01 PM,Execution,Execution='474083431381_1' Instrument='MNQ SEP26' Account='DEMO7298826' Exchange=Default Price=28297.25 Quantity=1 Market position=Long Operation=Operation_Add Order='474083431381' Time='7/24/2026 4:50 PM',
7/24/2026 4:50:01 PM,Order,Order='474083431381/DEMO7298826' Name='Close' New state='Filled' Instrument='MNQ SEP26' Action='Buy to cover' Limit price=0 Stop price=0 Quantity=1 Type='Market' Time in force=DAY Oco='' Filled=1 Fill price=28297.25 Error='No error' Native error='',
7/24/2026 4:50:01 PM,Order,Order='474083431381/DEMO7298826' Name='Close' New state='Working' Instrument='MNQ SEP26' Action='Buy to cover' Limit price=0 Stop price=0 Quantity=1 Type='Market' Time in force=DAY Oco='' Filled=0 Fill price=0 Error='No error' Native error='',
7/24/2026 4:50:01 PM,Order,Order='474083431381/DEMO7298826' Name='Close' New state='Accepted' Instrument='MNQ SEP26' Action='Buy to cover' Limit price=0 Stop price=0 Quantity=1 Type='Market' Time in force=DAY Oco='' Filled=0 Fill price=0 Error='No error' Native error='',
7/24/2026 4:50:01 PM,Order,Order='474083431381/DEMO7298826' Name='Close' New state='Submitted' Instrument='MNQ SEP26' Action='Buy to cover' Limit price=0 Stop price=0 Quantity=1 Type='Market' Time in force=DAY Oco='' Filled=0 Fill price=0 Error='No error' Native error='',
7/24/2026 4:50:01 PM,Position,Instrument='M2K SEP26' Account='DEMO7298826' Average price=0 Quantity=0 Market position=Flat Operation=Remove,
7/24/2026 4:50:01 PM,Execution,Execution='474083431370_1' Instrument='M2K SEP26' Account='DEMO7298826' Exchange=Default Price=2943.4 Quantity=4 Market position=Short Operation=Operation_Add Order='474083431370' Time='7/24/2026 4:50 PM',
7/24/2026 4:50:01 PM,Order,Order='474083431370/DEMO7298826' Name='Close' New state='Filled' Instrument='M2K SEP26' Action='Sell' Limit price=0 Stop price=0 Quantity=4 Type='Market' Time in force=DAY Oco='' Filled=4 Fill price=2943.4 Error='No error' Native error='',
7/24/2026 4:50:00 PM,Order,Order='474083431370/DEMO7298826' Name='Close' New state='Working' Instrument='M2K SEP26' Action='Sell' Limit price=0 Stop price=0 Quantity=4 Type='Market' Time in force=DAY Oco='' Filled=0 Fill price=0 Error='No error' Native error='',
7/24/2026 4:50:00 PM,Position,Flatten account='DEMO7298826',
7/24/2026 4:50:00 PM,Order,Order='474083431370/DEMO7298826' Name='Close' New state='Accepted' Instrument='M2K SEP26' Action='Sell' Limit price=0 Stop price=0 Quantity=4 Type='Market' Time in force=DAY Oco='' Filled=0 Fill price=0 Error='No error' Native error='',
7/24/2026 4:50:00 PM,Order,Order='474083431370/DEMO7298826' Name='Close' New state='Submitted' Instrument='M2K SEP26' Action='Sell' Limit price=0 Stop price=0 Quantity=4 Type='Market' Time in force=DAY Oco='' Filled=0 Fill price=0 Error='No error' Native error='',
7/24/2026 4:50:00 PM,Position,Flatten account='DEMO7298826',
7/24/2026 12:55:01 PM,Position,Instrument='MNQ SEP26' Account='DEMO7298826' Average price=28472.25 Quantity=1 Market position=Short Operation=Operation_Add,
7/24/2026 12:55:01 PM,Execution,Execution='474083431361_1' Instrument='MNQ SEP26' Account='DEMO7298826' Exchange=Default Price=28472.25 Quantity=1 Market position=Short Operation=Operation_Add Order='474083431361' Time='7/24/2026 12:55 PM',
7/24/2026 12:55:01 PM,Order,Order='474083431361/DEMO7298826' Name='' New state='Filled' Instrument='MNQ SEP26' Action='Sell' Limit price=0 Stop price=0 Quantity=1 Type='Market' Time in force=DAY Oco='' Filled=1 Fill price=28472.25 Error='No error' Native error='',
7/24/2026 12:55:01 PM,Order,Order='474083431361/DEMO7298826' Name='' New state='Working' Instrument='MNQ SEP26' Action='Sell' Limit price=0 Stop price=0 Quantity=1 Type='Market' Time in force=DAY Oco='' Filled=0 Fill price=0 Error='No error' Native error='',
7/24/2026 12:55:01 PM,Order,Order='474083431361/DEMO7298826' Name='' New state='Accepted' Instrument='MNQ SEP26' Action='Sell' Limit price=0 Stop price=0 Quantity=1 Type='Market' Time in force=DAY Oco='' Filled=0 Fill price=0 Error='No error' Native error='',
7/24/2026 12:55:01 PM,Order,Order='474083431361/DEMO7298826' Name='' New state='Submitted' Instrument='MNQ SEP26' Action='Sell' Limit price=0 Stop price=0 Quantity=1 Type='Market' Time in force=DAY Oco='' Filled=0 Fill price=0 Error='No error' Native error='',
7/24/2026 12:55:00 PM,Position,Instrument='MNQ SEP26' Account='DEMO7298826' Average price=0 Quantity=0 Market position=Flat Operation=Remove,
7/24/2026 12:55:00 PM,Execution,Execution='474083431350_1' Instrument='MNQ SEP26' Account='DEMO7298826' Exchange=Default Price=28473 Quantity=1 Market position=Short Operation=Operation_Add Order='474083431350' Time='7/24/2026 12:55 PM',
7/24/2026 12:55:00 PM,Order,Order='474083431350/DEMO7298826' Name='Close' New state='Filled' Instrument='MNQ SEP26' Action='Sell' Limit price=0 Stop price=0 Quantity=1 Type='Market' Time in force=DAY Oco='' Filled=1 Fill price=28473 Error='No error' Native error='',
7/24/2026 12:55:00 PM,Order,Order='474083431350/DEMO7298826' Name='Close' New state='Working' Instrument='MNQ SEP26' Action='Sell' Limit price=0 Stop price=0 Quantity=1 Type='Market' Time in force=DAY Oco='' Filled=0 Fill price=0 Error='No error' Native error='',
7/24/2026 12:55:00 PM,Order,Order='474083431350/DEMO7298826' Name='Close' New state='Accepted' Instrument='MNQ SEP26' Action='Sell' Limit price=0 Stop price=0 Quantity=1 Type='Market' Time in force=DAY Oco='' Filled=0 Fill price=0 Error='No error' Native error='',
7/24/2026 12:55:00 PM,Order,Order='474083431350/DEMO7298826' Name='Close' New state='Submitted' Instrument='MNQ SEP26' Action='Sell' Limit price=0 Stop price=0 Quantity=1 Type='Market' Time in force=DAY Oco='' Filled=0 Fill price=0 Error='No error' Native error='',
7/24/2026 12:55:00 PM,Position,Flatten account='DEMO7298826',
7/24/2026 11:41:42 AM,Default,There was a problem subscribing to tick data for MET MAR25: 'Symbol is inaccessible',
7/24/2026 11:41:42 AM,Default,There was a problem subscribing to market data for MET MAR25: 'Symbol is inaccessible',
7/24/2026 11:41:34 AM,Connection,Simulation: Primary connection=Connected Price feed=Connected,
7/24/2026 11:41:33 AM,Connection,Simulation: Primary connection=Connected Price feed=Connection lost,
7/24/2026 8:10:02 AM,Position,Instrument='MNQ SEP26' Account='DEMO7298826' Average price=28673 Quantity=1 Market position=Long Operation=Operation_Add,
7/24/2026 8:10:02 AM,Execution,Execution='474083431341_1' Instrument='MNQ SEP26' Account='DEMO7298826' Exchange=Default Price=28673 Quantity=1 Market position=Long Operation=Operation_Add Order='474083431341' Time='7/24/2026 8:10 AM',
7/24/2026 8:10:02 AM,Order,Order='474083431341/DEMO7298826' Name='' New state='Filled' Instrument='MNQ SEP26' Action='Buy' Limit price=0 Stop price=0 Quantity=1 Type='Market' Time in force=DAY Oco='' Filled=1 Fill price=28673 Error='No error' Native error='',
7/24/2026 8:10:02 AM,Order,Order='474083431341/DEMO7298826' Name='' New state='Working' Instrument='MNQ SEP26' Action='Buy' Limit price=0 Stop price=0 Quantity=1 Type='Market' Time in force=DAY Oco='' Filled=0 Fill price=0 Error='No error' Native error='',
7/24/2026 8:10:02 AM,Order,Order='474083431341/DEMO7298826' Name='' New state='Accepted' Instrument='MNQ SEP26' Action='Buy' Limit price=0 Stop price=0 Quantity=1 Type='Market' Time in force=DAY Oco='' Filled=0 Fill price=0 Error='No error' Native error='',
7/24/2026 8:10:02 AM,Order,Order='474083431341/DEMO7298826' Name='' New state='Submitted' Instrument='MNQ SEP26' Action='Buy' Limit price=0 Stop price=0 Quantity=1 Type='Market' Time in force=DAY Oco='' Filled=0 Fill price=0 Error='No error' Native error='',
7/24/2026 8:10:02 AM,Position,Instrument='MNQ SEP26' Account='DEMO7298826' Average price=0 Quantity=0 Market position=Flat Operation=Remove,
7/24/2026 8:10:01 AM,Execution,Execution='474083431330_1' Instrument='MNQ SEP26' Account='DEMO7298826' Exchange=Default Price=28673.5 Quantity=1 Market position=Long Operation=Operation_Add Order='474083431330' Time='7/24/2026 8:10 AM',
7/24/2026 8:10:01 AM,Order,Order='474083431330/DEMO7298826' Name='Close' New state='Filled' Instrument='MNQ SEP26' Action='Buy to cover' Limit price=0 Stop price=0 Quantity=1 Type='Market' Time in force=DAY Oco='' Filled=1 Fill price=28673.5 Error='No error' Native error='',
7/24/2026 8:10:01 AM,Order,Order='474083431330/DEMO7298826' Name='Close' New state='Working' Instrument='MNQ SEP26' Action='Buy to cover' Limit price=0 Stop price=0 Quantity=1 Type='Market' Time in force=DAY Oco='' Filled=0 Fill price=0 Error='No error' Native error='',
7/24/2026 8:10:01 AM,Order,Order='474083431330/DEMO7298826' Name='Close' New state='Accepted' Instrument='MNQ SEP26' Action='Buy to cover' Limit price=0 Stop price=0 Quantity=1 Type='Market' Time in force=DAY Oco='' Filled=0 Fill price=0 Error='No error' Native error='',
7/24/2026 8:10:01 AM,Order,Order='474083431330/DEMO7298826' Name='Close' New state='Submitted' Instrument='MNQ SEP26' Action='Buy to cover' Limit price=0 Stop price=0 Quantity=1 Type='Market' Time in force=DAY Oco='' Filled=0 Fill price=0 Error='No error' Native error='',
7/24/2026 8:10:01 AM,Position,Flatten account='DEMO7298826',
7/24/2026 8:05:06 AM,Position,Instrument='M2K SEP26' Account='DEMO7298826' Average price=2963.2 Quantity=4 Market position=Long Operation=Operation_Add,
7/24/2026 8:05:06 AM,Execution,Execution='474083431321_1' Instrument='M2K SEP26' Account='DEMO7298826' Exchange=Default Price=2963.2 Quantity=4 Market position=Long Operation=Operation_Add Order='474083431321' Time='7/24/2026 8:05 AM',
7/24/2026 8:05:06 AM,Order,Order='474083431321/DEMO7298826' Name='' New state='Filled' Instrument='M2K SEP26' Action='Buy' Limit price=0 Stop price=0 Quantity=4 Type='Market' Time in force=DAY Oco='' Filled=4 Fill price=2963.2 Error='No error' Native error='',
7/24/2026 8:05:06 AM,Order,Order='474083431321/DEMO7298826' Name='' New state='Working' Instrument='M2K SEP26' Action='Buy' Limit price=0 Stop price=0 Quantity=4 Type='Market' Time in force=DAY Oco='' Filled=0 Fill price=0 Error='No error' Native error='',
7/24/2026 8:05:06 AM,Order,Order='474083431321/DEMO7298826' Name='' New state='Accepted' Instrument='M2K SEP26' Action='Buy' Limit price=0 Stop price=0 Quantity=4 Type='Market' Time in force=DAY Oco='' Filled=0 Fill price=0 Error='No error' Native error='',
7/24/2026 8:05:06 AM,Order,Order='474083431321/DEMO7298826' Name='' New state='Submitted' Instrument='M2K SEP26' Action='Buy' Limit price=0 Stop price=0 Quantity=4 Type='Market' Time in force=DAY Oco='' Filled=0 Fill price=0 Error='No error' Native error='',
7/24/2026 8:05:06 AM,Position,Instrument='M2K SEP26' Account='DEMO7298826' Average price=0 Quantity=0 Market position=Flat Operation=Remove,
7/24/2026 8:05:06 AM,Execution,Execution='474083431310_1' Instrument='M2K SEP26' Account='DEMO7298826' Exchange=Default Price=2963.3 Quantity=7 Market position=Long Operation=Operation_Add Order='474083431310' Time='7/24/2026 8:05 AM',
7/24/2026 8:05:06 AM,Order,Order='474083431310/DEMO7298826' Name='Close' New state='Filled' Instrument='M2K SEP26' Action='Buy to cover' Limit price=0 Stop price=0 Quantity=7 Type='Market' Time in force=DAY Oco='' Filled=7 Fill price=2963.3 Error='No error' Native error='',
7/24/2026 8:05:06 AM,Order,Order='474083431310/DEMO7298826' Name='Close' New state='Working' Instrument='M2K SEP26' Action='Buy to cover' Limit price=0 Stop price=0 Quantity=7 Type='Market' Time in force=DAY Oco='' Filled=0 Fill price=0 Error='No error' Native error='',
7/24/2026 8:05:06 AM,Order,Order='474083431310/DEMO7298826' Name='Close' New state='Accepted' Instrument='M2K SEP26' Action='Buy to cover' Limit price=0 Stop price=0 Quantity=7 Type='Market' Time in force=DAY Oco='' Filled=0 Fill price=0 Error='No error' Native error='',
7/24/2026 8:05:06 AM,Order,Order='474083431310/DEMO7298826' Name='Close' New state='Submitted' Instrument='M2K SEP26' Action='Buy to cover' Limit price=0 Stop price=0 Quantity=7 Type='Market' Time in force=DAY Oco='' Filled=0 Fill price=0 Error='No error' Native error='',
7/24/2026 8:05:05 AM,Position,Flatten account='DEMO7298826',
7/24/2026 8:05:03 AM,Position,Instrument='MCL SEP26' Account='DEMO7298826' Average price=89.64 Quantity=1 Market position=Short Operation=Operation_Add,
7/24/2026 8:05:03 AM,Execution,Execution='474083431302_1' Instrument='MCL SEP26' Account='DEMO7298826' Exchange=Default Price=89.64 Quantity=1 Market position=Short Operation=Operation_Add Order='474083431302' Time='7/24/2026 8:05 AM',
7/24/2026 8:05:03 AM,Order,Order='474083431302/DEMO7298826' Name='' New state='Filled' Instrument='MCL SEP26' Action='Sell' Limit price=0 Stop price=0 Quantity=1 Type='Market' Time in force=DAY Oco='' Filled=1 Fill price=89.64 Error='No error' Native error='',
7/24/2026 8:05:03 AM,Order,Order='474083431302/DEMO7298826' Name='' New state='Working' Instrument='MCL SEP26' Action='Sell' Limit price=0 Stop price=0 Quantity=1 Type='Market' Time in force=DAY Oco='' Filled=0 Fill price=0 Error='No error' Native error='',
7/24/2026 8:05:03 AM,Order,Order='474083431302/DEMO7298826' Name='' New state='Accepted' Instrument='MCL SEP26' Action='Sell' Limit price=0 Stop price=0 Quantity=1 Type='Market' Time in force=DAY Oco='' Filled=0 Fill price=0 Error='No error' Native error='',
7/24/2026 8:05:03 AM,Order,Order='474083431302/DEMO7298826' Name='' New state='Submitted' Instrument='MCL SEP26' Action='Sell' Limit price=0 Stop price=0 Quantity=1 Type='Market' Time in force=DAY Oco='' Filled=0 Fill price=0 Error='No error' Native error='',
7/24/2026 3:15:55 AM,Default,There was a problem subscribing to tick data for MET MAR25: 'Symbol is inaccessible',
7/24/2026 3:15:54 AM,Default,There was a problem subscribing to market data for MET MAR25: 'Symbol is inaccessible',
7/24/2026 2:15:01 AM,Position,Instrument='M2K SEP26' Account='DEMO7298826' Average price=2945.8 Quantity=7 Market position=Short Operation=Operation_Add,
7/24/2026 2:15:01 AM,Execution,Execution='474083431293_1' Instrument='M2K SEP26' Account='DEMO7298826' Exchange=Default Price=2945.8 Quantity=7 Market position=Short Operation=Operation_Add Order='474083431293' Time='7/24/2026 2:15 AM',
7/24/2026 2:15:00 AM,Order,Order='474083431293/DEMO7298826' Name='' New state='Filled' Instrument='M2K SEP26' Action='Sell' Limit price=0 Stop price=0 Quantity=7 Type='Market' Time in force=DAY Oco='' Filled=7 Fill price=2945.8 Error='No error' Native error='',
7/24/2026 2:15:00 AM,Order,Order='474083431293/DEMO7298826' Name='' New state='Working' Instrument='M2K SEP26' Action='Sell' Limit price=0 Stop price=0 Quantity=7 Type='Market' Time in force=DAY Oco='' Filled=0 Fill price=0 Error='No error' Native error='',
7/24/2026 2:15:00 AM,Order,Order='474083431293/DEMO7298826' Name='' New state='Accepted' Instrument='M2K SEP26' Action='Sell' Limit price=0 Stop price=0 Quantity=7 Type='Market' Time in force=DAY Oco='' Filled=0 Fill price=0 Error='No error' Native error='',
7/24/2026 2:15:00 AM,Order,Order='474083431293/DEMO7298826' Name='' New state='Submitted' Instrument='M2K SEP26' Action='Sell' Limit price=0 Stop price=0 Quantity=7 Type='Market' Time in force=DAY Oco='' Filled=0 Fill price=0 Error='No error' Native error='',
7/23/2026 9:30:01 PM,Position,Instrument='MNQ SEP26' Account='DEMO7298826' Average price=28655.5 Quantity=1 Market position=Short Operation=Operation_Add,
7/23/2026 9:30:01 PM,Execution,Execution='474083431283_1' Instrument='MNQ SEP26' Account='DEMO7298826' Exchange=Default Price=28655.5 Quantity=1 Market position=Short Operation=Operation_Add Order='474083431283' Time='7/23/2026 9:30 PM',
7/23/2026 9:30:01 PM,Order,Order='474083431283/DEMO7298826' Name='' New state='Filled' Instrument='MNQ SEP26' Action='Sell' Limit price=0 Stop price=0 Quantity=1 Type='Market' Time in force=DAY Oco='' Filled=1 Fill price=28655.5 Error='No error' Native error='',
7/23/2026 9:30:01 PM,Order,Order='474083431283/DEMO7298826' Name='' New state='Working' Instrument='MNQ SEP26' Action='Sell' Limit price=0 Stop price=0 Quantity=1 Type='Market' Time in force=DAY Oco='' Filled=0 Fill price=0 Error='No error' Native error='',
7/23/2026 9:30:01 PM,Order,Order='474083431283/DEMO7298826' Name='' New state='Accepted' Instrument='MNQ SEP26' Action='Sell' Limit price=0 Stop price=0 Quantity=1 Type='Market' Time in force=DAY Oco='' Filled=0 Fill price=0 Error='No error' Native error='',
7/23/2026 9:30:01 PM,Order,Order='474083431283/DEMO7298826' Name='' New state='Submitted' Instrument='MNQ SEP26' Action='Sell' Limit price=0 Stop price=0 Quantity=1 Type='Market' Time in force=DAY Oco='' Filled=0 Fill price=0 Error='No error' Native error='',
7/23/2026 7:27:35 PM,Connection,Simulation: Primary connection=Connected Price feed=Connected,
7/23/2026 7:27:34 PM,Connection,Simulation: Primary connection=Connection lost Price feed=Connected,
7/23/2026 5:03:08 PM,Connection,Simulation: Primary connection=Connected Price feed=Connected,
7/23/2026 5:03:07 PM,Connection,Simulation: Primary connection=Connection lost Price feed=Connected,
7/23/2026 4:50:31 PM,Position,Instrument='MYM SEP26' Account='DEMO7298826' Average price=0 Quantity=0 Market position=Flat Operation=Remove,
7/23/2026 4:50:31 PM,Execution,Execution='474083431265_1' Instrument='MYM SEP26' Account='DEMO7298826' Exchange=Default Price=51893 Quantity=3 Market position=Long Operation=Operation_Add Order='474083431265' Time='7/23/2026 4:50 PM',
7/23/2026 4:50:31 PM,Order,Order='474083431265/DEMO7298826' Name='Close' New state='Filled' Instrument='MYM SEP26' Action='Buy to cover' Limit price=0 Stop price=0 Quantity=3 Type='Market' Time in force=DAY Oco='' Filled=3 Fill price=51893 Error='No error' Native error='',
7/23/2026 4:50:31 PM,Order,Order='474083431265/DEMO7298826' Name='Close' New state='Working' Instrument='MYM SEP26' Action='Buy to cover' Limit price=0 Stop price=0 Quantity=3 Type='Market' Time in force=DAY Oco='' Filled=0 Fill price=0 Error='No error' Native error='',
7/23/2026 4:50:31 PM,Order,Order='474083431265/DEMO7298826' Name='Close' New state='Accepted' Instrument='MYM SEP26' Action='Buy to cover' Limit price=0 Stop price=0 Quantity=3 Type='Market' Time in force=DAY Oco='' Filled=0 Fill price=0 Error='No error' Native error='',
7/23/2026 4:50:31 PM,Order,Order='474083431265/DEMO7298826' Name='Close' New state='Submitted' Instrument='MYM SEP26' Action='Buy to cover' Limit price=0 Stop price=0 Quantity=3 Type='Market' Time in force=DAY Oco='' Filled=0 Fill price=0 Error='No error' Native error='',
7/23/2026 4:50:31 PM,Position,Flatten account='DEMO7298826',
7/23/2026 4:50:02 PM,Position,Instrument='M2K SEP26' Account='DEMO7298826' Average price=0 Quantity=0 Market position=Flat Operation=Remove,
7/23/2026 4:50:02 PM,Execution,Execution='474083431254_1' Instrument='M2K SEP26' Account='DEMO7298826' Exchange=Default Price=2949.9 Quantity=3 Market position=Long Operation=Operation_Add Order='474083431254' Time='7/23/2026 4:50 PM',
7/23/2026 4:50:02 PM,Order,Order='474083431254/DEMO7298826' Name='Close' New state='Filled' Instrument='M2K SEP26' Action='Buy to cover' Limit price=0 Stop price=0 Quantity=3 Type='Market' Time in force=DAY Oco='' Filled=3 Fill price=2949.9 Error='No error' Native error='',
7/23/2026 4:50:02 PM,Order,Order='474083431254/DEMO7298826' Name='Close' New state='Working' Instrument='M2K SEP26' Action='Buy to cover' Limit price=0 Stop price=0 Quantity=3 Type='Market' Time in force=DAY Oco='' Filled=0 Fill price=0 Error='No error' Native error='',
7/23/2026 4:50:02 PM,Order,Order='474083431254/DEMO7298826' Name='Close' New state='Accepted' Instrument='M2K SEP26' Action='Buy to cover' Limit price=0 Stop price=0 Quantity=3 Type='Market' Time in force=DAY Oco='' Filled=0 Fill price=0 Error='No error' Native error='',
7/23/2026 4:50:02 PM,Order,Order='474083431254/DEMO7298826' Name='Close' New state='Submitted' Instrument='M2K SEP26' Action='Buy to cover' Limit price=0 Stop price=0 Quantity=3 Type='Market' Time in force=DAY Oco='' Filled=0 Fill price=0 Error='No error' Native error='',
7/23/2026 4:50:01 PM,Position,Flatten account='DEMO7298826',
7/23/2026 1:35:01 PM,Position,Instrument='M2K SEP26' Account='DEMO7298826' Average price=2943 Quantity=3 Market position=Short Operation=Operation_Add,
7/23/2026 1:35:01 PM,Execution,Execution='474083431245_1' Instrument='M2K SEP26' Account='DEMO7298826' Exchange=Default Price=2943 Quantity=3 Market position=Short Operation=Operation_Add Order='474083431245' Time='7/23/2026 1:35 PM',
7/23/2026 1:35:01 PM,Order,Order='474083431245/DEMO7298826' Name='' New state='Filled' Instrument='M2K SEP26' Action='Sell' Limit price=0 Stop price=0 Quantity=3 Type='Market' Time in force=DAY Oco='' Filled=3 Fill price=2943 Error='No error' Native error='',
7/23/2026 1:35:01 PM,Order,Order='474083431245/DEMO7298826' Name='' New state='Working' Instrument='M2K SEP26' Action='Sell' Limit price=0 Stop price=0 Quantity=3 Type='Market' Time in force=DAY Oco='' Filled=0 Fill price=0 Error='No error' Native error='',
7/23/2026 1:35:01 PM,Order,Order='474083431245/DEMO7298826' Name='' New state='Accepted' Instrument='M2K SEP26' Action='Sell' Limit price=0 Stop price=0 Quantity=3 Type='Market' Time in force=DAY Oco='' Filled=0 Fill price=0 Error='No error' Native error='',
7/23/2026 1:35:01 PM,Order,Order='474083431245/DEMO7298826' Name='' New state='Submitted' Instrument='M2K SEP26' Action='Sell' Limit price=0 Stop price=0 Quantity=3 Type='Market' Time in force=DAY Oco='' Filled=0 Fill price=0 Error='No error' Native error='',
7/23/2026 1:35:01 PM,Position,Instrument='M2K SEP26' Account='DEMO7298826' Average price=0 Quantity=0 Market position=Flat Operation=Remove,
7/23/2026 1:35:01 PM,Execution,Execution='474083431234_1' Instrument='M2K SEP26' Account='DEMO7298826' Exchange=Default Price=2943 Quantity=5 Market position=Short Operation=Operation_Add Order='474083431234' Time='7/23/2026 1:35 PM',
7/23/2026 1:35:01 PM,Order,Order='474083431234/DEMO7298826' Name='Close' New state='Filled' Instrument='M2K SEP26' Action='Sell' Limit price=0 Stop price=0 Quantity=5 Type='Market' Time in force=DAY Oco='' Filled=5 Fill price=2943 Error='No error' Native error='',
7/23/2026 1:35:01 PM,Order,Order='474083431234/DEMO7298826' Name='Close' New state='Working' Instrument='M2K SEP26' Action='Sell' Limit price=0 Stop price=0 Quantity=5 Type='Market' Time in force=DAY Oco='' Filled=0 Fill price=0 Error='No error' Native error='',
7/23/2026 1:35:01 PM,Order,Order='474083431234/DEMO7298826' Name='Close' New state='Accepted' Instrument='M2K SEP26' Action='Sell' Limit price=0 Stop price=0 Quantity=5 Type='Market' Time in force=DAY Oco='' Filled=0 Fill price=0 Error='No error' Native error='',
7/23/2026 1:35:01 PM,Order,Order='474083431234/DEMO7298826' Name='Close' New state='Submitted' Instrument='M2K SEP26' Action='Sell' Limit price=0 Stop price=0 Quantity=5 Type='Market' Time in force=DAY Oco='' Filled=0 Fill price=0 Error='No error' Native error='',
7/23/2026 1:35:01 PM,Position,Flatten account='DEMO7298826',
7/23/2026 11:41:33 AM,Connection,Simulation: Primary connection=Connected Price feed=Connected,
7/23/2026 11:41:32 AM,Connection,Simulation: Primary connection=Connected Price feed=Connection lost,
7/23/2026 10:57:50 AM,Connection,Simulation: Primary connection=Connected Price feed=Connected,
7/23/2026 10:57:49 AM,Connection,Simulation: Primary connection=Connected Price feed=Connection lost,
7/23/2026 7:46:41 AM,Connection,Simulation: Primary connection=Connected Price feed=Connected,
7/23/2026 7:46:40 AM,Connection,Simulation: Primary connection=Connected Price feed=Connection lost,
7/23/2026 6:35:15 AM,Position,Instrument='M2K SEP26' Account='DEMO7298826' Average price=2969 Quantity=5 Market position=Long Operation=Operation_Add,
7/23/2026 6:35:15 AM,Execution,Execution='474083431225_1' Instrument='M2K SEP26' Account='DEMO7298826' Exchange=Default Price=2969 Quantity=5 Market position=Long Operation=Operation_Add Order='474083431225' Time='7/23/2026 6:35 AM',
7/23/2026 6:35:15 AM,Order,Order='474083431225/DEMO7298826' Name='' New state='Filled' Instrument='M2K SEP26' Action='Buy' Limit price=0 Stop price=0 Quantity=5 Type='Market' Time in force=DAY Oco='' Filled=5 Fill price=2969 Error='No error' Native error='',
7/23/2026 6:35:15 AM,Order,Order='474083431225/DEMO7298826' Name='' New state='Working' Instrument='M2K SEP26' Action='Buy' Limit price=0 Stop price=0 Quantity=5 Type='Market' Time in force=DAY Oco='' Filled=0 Fill price=0 Error='No error' Native error='',
7/23/2026 6:35:15 AM,Order,Order='474083431225/DEMO7298826' Name='' New state='Accepted' Instrument='M2K SEP26' Action='Buy' Limit price=0 Stop price=0 Quantity=5 Type='Market' Time in force=DAY Oco='' Filled=0 Fill price=0 Error='No error' Native error='',
7/23/2026 6:35:15 AM,Order,Order='474083431225/DEMO7298826' Name='' New state='Submitted' Instrument='M2K SEP26' Action='Buy' Limit price=0 Stop price=0 Quantity=5 Type='Market' Time in force=DAY Oco='' Filled=0 Fill price=0 Error='No error' Native error='',
7/23/2026 6:35:15 AM,Position,Instrument='M2K SEP26' Account='DEMO7298826' Average price=0 Quantity=0 Market position=Flat Operation=Remove,
7/23/2026 6:35:15 AM,Execution,Execution='474083431214_1' Instrument='M2K SEP26' Account='DEMO7298826' Exchange=Default Price=2969.1 Quantity=5 Market position=Long Operation=Operation_Add Order='474083431214' Time='7/23/2026 6:35 AM',
7/23/2026 6:35:15 AM,Order,Order='474083431214/DEMO7298826' Name='Close' New state='Filled' Instrument='M2K SEP26' Action='Buy to cover' Limit price=0 Stop price=0 Quantity=5 Type='Market' Time in force=DAY Oco='' Filled=5 Fill price=2969.1 Error='No error' Native error='',
7/23/2026 6:35:15 AM,Order,Order='474083431214/DEMO7298826' Name='Close' New state='Working' Instrument='M2K SEP26' Action='Buy to cover' Limit price=0 Stop price=0 Quantity=5 Type='Market' Time in force=DAY Oco='' Filled=0 Fill price=0 Error='No error' Native error='',
7/23/2026 6:35:15 AM,Order,Order='474083431214/DEMO7298826' Name='Close' New state='Accepted' Instrument='M2K SEP26' Action='Buy to cover' Limit price=0 Stop price=0 Quantity=5 Type='Market' Time in force=DAY Oco='' Filled=0 Fill price=0 Error='No error' Native error='',
7/23/2026 6:35:15 AM,Order,Order='474083431214/DEMO7298826' Name='Close' New state='Submitted' Instrument='M2K SEP26' Action='Buy to cover' Limit price=0 Stop price=0 Quantity=5 Type='Market' Time in force=DAY Oco='' Filled=0 Fill price=0 Error='No error' Native error='',
7/23/2026 6:35:15 AM,Position,Flatten account='DEMO7298826',
7/22/2026 6:20:05 PM,Position,Instrument='M2K SEP26' Account='DEMO7298826' Average price=2968.2 Quantity=5 Market position=Short Operation=Operation_Add,
7/22/2026 6:20:05 PM,Execution,Execution='474083431205_1' Instrument='M2K SEP26' Account='DEMO7298826' Exchange=Default Price=2968.2 Quantity=5 Market position=Short Operation=Operation_Add Order='474083431205' Time='7/22/2026 6:20 PM',
7/22/2026 6:20:05 PM,Order,Order='474083431205/DEMO7298826' Name='' New state='Filled' Instrument='M2K SEP26' Action='Sell' Limit price=0 Stop price=0 Quantity=5 Type='Market' Time in force=DAY Oco='' Filled=5 Fill price=2968.2 Error='No error' Native error='',
7/22/2026 6:20:05 PM,Order,Order='474083431205/DEMO7298826' Name='' New state='Working' Instrument='M2K SEP26' Action='Sell' Limit price=0 Stop price=0 Quantity=5 Type='Market' Time in force=DAY Oco='' Filled=0 Fill price=0 Error='No error' Native error='',
7/22/2026 6:20:05 PM,Order,Order='474083431205/DEMO7298826' Name='' New state='Accepted' Instrument='M2K SEP26' Action='Sell' Limit price=0 Stop price=0 Quantity=5 Type='Market' Time in force=DAY Oco='' Filled=0 Fill price=0 Error='No error' Native error='',
7/22/2026 6:20:05 PM,Order,Order='474083431205/DEMO7298826' Name='' New state='Submitted' Instrument='M2K SEP26' Action='Sell' Limit price=0 Stop price=0 Quantity=5 Type='Market' Time in force=DAY Oco='' Filled=0 Fill price=0 Error='No error' Native error='',
7/22/2026 6:05:01 PM,Position,Instrument='MYM SEP26' Account='DEMO7298826' Average price=52401 Quantity=3 Market position=Short Operation=Operation_Add,
7/22/2026 6:05:01 PM,Execution,Execution='474083431196_1' Instrument='MYM SEP26' Account='DEMO7298826' Exchange=Default Price=52401 Quantity=3 Market position=Short Operation=Operation_Add Order='474083431196' Time='7/22/2026 6:05 PM',
7/22/2026 6:05:01 PM,Order,Order='474083431196/DEMO7298826' Name='' New state='Filled' Instrument='MYM SEP26' Action='Sell' Limit price=0 Stop price=0 Quantity=3 Type='Market' Time in force=DAY Oco='' Filled=3 Fill price=52401 Error='No error' Native error='',
7/22/2026 6:05:01 PM,Order,Order='474083431196/DEMO7298826' Name='' New state='Working' Instrument='MYM SEP26' Action='Sell' Limit price=0 Stop price=0 Quantity=3 Type='Market' Time in force=DAY Oco='' Filled=0 Fill price=0 Error='No error' Native error='',
7/22/2026 6:05:01 PM,Order,Order='474083431196/DEMO7298826' Name='' New state='Accepted' Instrument='MYM SEP26' Action='Sell' Limit price=0 Stop price=0 Quantity=3 Type='Market' Time in force=DAY Oco='' Filled=0 Fill price=0 Error='No error' Native error='',
7/22/2026 6:05:01 PM,Order,Order='474083431196/DEMO7298826' Name='' New state='Submitted' Instrument='MYM SEP26' Action='Sell' Limit price=0 Stop price=0 Quantity=3 Type='Market' Time in force=DAY Oco='' Filled=0 Fill price=0 Error='No error' Native error='',
7/22/2026 5:03:07 PM,Connection,Simulation: Primary connection=Connected Price feed=Connected,
7/22/2026 5:03:06 PM,Connection,Simulation: Primary connection=Connection lost Price feed=Connected,
7/22/2026 4:50:02 PM,Position,Instrument='MYM SEP26' Account='DEMO7298826' Average price=0 Quantity=0 Market position=Flat Operation=Remove,
7/22/2026 4:50:02 PM,Execution,Execution='474083431176_1' Instrument='MYM SEP26' Account='DEMO7298826' Exchange=Default Price=52505 Quantity=8 Market position=Long Operation=Operation_Add Order='474083431176' Time='7/22/2026 4:50 PM',
7/22/2026 4:50:02 PM,Order,Order='474083431176/DEMO7298826' Name='Close' New state='Filled' Instrument='MYM SEP26' Action='Buy to cover' Limit price=0 Stop price=0 Quantity=8 Type='Market' Time in force=DAY Oco='' Filled=8 Fill price=52505 Error='No error' Native error='',
7/22/2026 4:50:02 PM,Order,Order='474083431176/DEMO7298826' Name='Close' New state='Working' Instrument='MYM SEP26' Action='Buy to cover' Limit price=0 Stop price=0 Quantity=8 Type='Market' Time in force=DAY Oco='' Filled=0 Fill price=0 Error='No error' Native error='',
7/22/2026 4:50:02 PM,Order,Order='474083431176/DEMO7298826' Name='Close' New state='Accepted' Instrument='MYM SEP26' Action='Buy to cover' Limit price=0 Stop price=0 Quantity=8 Type='Market' Time in force=DAY Oco='' Filled=0 Fill price=0 Error='No error' Native error='',
7/22/2026 4:50:02 PM,Order,Order='474083431176/DEMO7298826' Name='Close' New state='Submitted' Instrument='MYM SEP26' Action='Buy to cover' Limit price=0 Stop price=0 Quantity=8 Type='Market' Time in force=DAY Oco='' Filled=0 Fill price=0 Error='No error' Native error='',
7/22/2026 4:50:02 PM,Position,Instrument='M2K SEP26' Account='DEMO7298826' Average price=0 Quantity=0 Market position=Flat Operation=Remove,
7/22/2026 4:50:02 PM,Execution,Execution='474083431165_1' Instrument='M2K SEP26' Account='DEMO7298826' Exchange=Default Price=2972.2 Quantity=4 Market position=Long Operation=Operation_Add Order='474083431165' Time='7/22/2026 4:50 PM',
7/22/2026 4:50:02 PM,Order,Order='474083431165/DEMO7298826' Name='Close' New state='Filled' Instrument='M2K SEP26' Action='Buy to cover' Limit price=0 Stop price=0 Quantity=4 Type='Market' Time in force=DAY Oco='' Filled=4 Fill price=2972.2 Error='No error' Native error='',
7/22/2026 4:50:02 PM,Order,Order='474083431165/DEMO7298826' Name='Close' New state='Working' Instrument='M2K SEP26' Action='Buy to cover' Limit price=0 Stop price=0 Quantity=4 Type='Market' Time in force=DAY Oco='' Filled=0 Fill price=0 Error='No error' Native error='',
7/22/2026 4:50:02 PM,Order,Order='474083431165/DEMO7298826' Name='Close' New state='Accepted' Instrument='M2K SEP26' Action='Buy to cover' Limit price=0 Stop price=0 Quantity=4 Type='Market' Time in force=DAY Oco='' Filled=0 Fill price=0 Error='No error' Native error='',
7/22/2026 4:50:02 PM,Order,Order='474083431165/DEMO7298826' Name='Close' New state='Submitted' Instrument='M2K SEP26' Action='Buy to cover' Limit price=0 Stop price=0 Quantity=4 Type='Market' Time in force=DAY Oco='' Filled=0 Fill price=0 Error='No error' Native error='',
7/22/2026 4:50:02 PM,Position,Flatten account='DEMO7298826',
7/22/2026 4:50:01 PM,Position,Flatten account='DEMO7298826',
7/22/2026 4:50:01 PM,Position,Instrument='MNQ SEP26' Account='DEMO7298826' Average price=0 Quantity=0 Market position=Flat Operation=Remove,
7/22/2026 4:50:01 PM,Execution,Execution='474083431154_1' Instrument='MNQ SEP26' Account='DEMO7298826' Exchange=Default Price=29190.75 Quantity=1 Market position=Long Operation=Operation_Add Order='474083431154' Time='7/22/2026 4:50 PM',
7/22/2026 4:50:01 PM,Order,Order='474083431154/DEMO7298826' Name='Close' New state='Filled' Instrument='MNQ SEP26' Action='Buy to cover' Limit price=0 Stop price=0 Quantity=1 Type='Market' Time in force=DAY Oco='' Filled=1 Fill price=29190.75 Error='No error' Native error='',
7/22/2026 4:50:01 PM,Order,Order='474083431154/DEMO7298826' Name='Close' New state='Working' Instrument='MNQ SEP26' Action='Buy to cover' Limit price=0 Stop price=0 Quantity=1 Type='Market' Time in force=DAY Oco='' Filled=0 Fill price=0 Error='No error' Native error='',
7/22/2026 4:50:01 PM,Order,Order='474083431154/DEMO7298826' Name='Close' New state='Accepted' Instrument='MNQ SEP26' Action='Buy to cover' Limit price=0 Stop price=0 Quantity=1 Type='Market' Time in force=DAY Oco='' Filled=0 Fill price=0 Error='No error' Native error='',
7/22/2026 4:50:01 PM,Order,Order='474083431154/DEMO7298826' Name='Close' New state='Submitted' Instrument='MNQ SEP26' Action='Buy to cover' Limit price=0 Stop price=0 Quantity=1 Type='Market' Time in force=DAY Oco='' Filled=0 Fill price=0 Error='No error' Native error='',
7/22/2026 4:50:01 PM,Position,Flatten account='DEMO7298826',
7/22/2026 9:33:47 AM,Connection,Simulation: Primary connection=Connected Price feed=Connected,
7/22/2026 9:33:46 AM,Connection,Simulation: Primary connection=Connected Price feed=Connection lost,
7/22/2026 9:15:01 AM,Position,Instrument='M2K SEP26' Account='DEMO7298826' Average price=2984.5 Quantity=4 Market position=Short Operation=Operation_Add,
7/22/2026 9:15:01 AM,Execution,Execution='474083431145_1' Instrument='M2K SEP26' Account='DEMO7298826' Exchange=Default Price=2984.5 Quantity=4 Market position=Short Operation=Operation_Add Order='474083431145' Time='7/22/2026 9:15 AM',
7/22/2026 9:15:01 AM,Order,Order='474083431145/DEMO7298826' Name='' New state='Filled' Instrument='M2K SEP26' Action='Sell' Limit price=0 Stop price=0 Quantity=4 Type='Market' Time in force=DAY Oco='' Filled=4 Fill price=2984.5 Error='No error' Native error='',
7/22/2026 9:15:01 AM,Order,Order='474083431145/DEMO7298826' Name='' New state='Working' Instrument='M2K SEP26' Action='Sell' Limit price=0 Stop price=0 Quantity=4 Type='Market' Time in force=DAY Oco='' Filled=0 Fill price=0 Error='No error' Native error='',
7/22/2026 9:15:01 AM,Order,Order='474083431145/DEMO7298826' Name='' New state='Accepted' Instrument='M2K SEP26' Action='Sell' Limit price=0 Stop price=0 Quantity=4 Type='Market' Time in force=DAY Oco='' Filled=0 Fill price=0 Error='No error' Native error='',
7/22/2026 9:15:01 AM,Order,Order='474083431145/DEMO7298826' Name='' New state='Submitted' Instrument='M2K SEP26' Action='Sell' Limit price=0 Stop price=0 Quantity=4 Type='Market' Time in force=DAY Oco='' Filled=0 Fill price=0 Error='No error' Native error='',
7/22/2026 4:15:00 AM,Position,Instrument='MNQ SEP26' Account='DEMO7298826' Average price=29067.25 Quantity=1 Market position=Short Operation=Operation_Add,
7/22/2026 4:15:00 AM,Execution,Execution='474083431136_1' Instrument='MNQ SEP26' Account='DEMO7298826' Exchange=Default Price=29067.25 Quantity=1 Market position=Short Operation=Operation_Add Order='474083431136' Time='7/22/2026 4:15 AM',
7/22/2026 4:15:00 AM,Order,Order='474083431136/DEMO7298826' Name='' New state='Filled' Instrument='MNQ SEP26' Action='Sell' Limit price=0 Stop price=0 Quantity=1 Type='Market' Time in force=DAY Oco='' Filled=1 Fill price=29067.25 Error='No error' Native error='',
7/22/2026 4:15:00 AM,Order,Order='474083431136/DEMO7298826' Name='' New state='Working' Instrument='MNQ SEP26' Action='Sell' Limit price=0 Stop price=0 Quantity=1 Type='Market' Time in force=DAY Oco='' Filled=0 Fill price=0 Error='No error' Native error='',
7/22/2026 4:15:00 AM,Order,Order='474083431136/DEMO7298826' Name='' New state='Accepted' Instrument='MNQ SEP26' Action='Sell' Limit price=0 Stop price=0 Quantity=1 Type='Market' Time in force=DAY Oco='' Filled=0 Fill price=0 Error='No error' Native error='',
7/22/2026 4:15:00 AM,Order,Order='474083431136/DEMO7298826' Name='' New state='Submitted' Instrument='MNQ SEP26' Action='Sell' Limit price=0 Stop price=0 Quantity=1 Type='Market' Time in force=DAY Oco='' Filled=0 Fill price=0 Error='No error' Native error='',
7/21/2026 11:50:04 PM,Position,Instrument='MYM SEP26' Account='DEMO7298826' Average price=52413 Quantity=8 Market position=Short Operation=Operation_Add,
7/21/2026 11:50:04 PM,Execution,Execution='474083431127_1' Instrument='MYM SEP26' Account='DEMO7298826' Exchange=Default Price=52413 Quantity=8 Market position=Short Operation=Operation_Add Order='474083431127' Time='7/21/2026 11:50 PM',
7/21/2026 11:50:04 PM,Order,Order='474083431127/DEMO7298826' Name='' New state='Filled' Instrument='MYM SEP26' Action='Sell' Limit price=0 Stop price=0 Quantity=8 Type='Market' Time in force=DAY Oco='' Filled=8 Fill price=52413 Error='No error' Native error='',
7/21/2026 11:50:04 PM,Order,Order='474083431127/DEMO7298826' Name='' New state='Working' Instrument='MYM SEP26' Action='Sell' Limit price=0 Stop price=0 Quantity=8 Type='Market' Time in force=DAY Oco='' Filled=0 Fill price=0 Error='No error' Native error='',
7/21/2026 11:50:04 PM,Order,Order='474083431127/DEMO7298826' Name='' New state='Accepted' Instrument='MYM SEP26' Action='Sell' Limit price=0 Stop price=0 Quantity=8 Type='Market' Time in force=DAY Oco='' Filled=0 Fill price=0 Error='No error' Native error='',
7/21/2026 11:50:04 PM,Order,Order='474083431127/DEMO7298826' Name='' New state='Submitted' Instrument='MYM SEP26' Action='Sell' Limit price=0 Stop price=0 Quantity=8 Type='Market' Time in force=DAY Oco='' Filled=0 Fill price=0 Error='No error' Native error='',
7/21/2026 5:03:06 PM,Connection,Simulation: Primary connection=Connected Price feed=Connected,
7/21/2026 5:03:05 PM,Connection,Simulation: Primary connection=Connection lost Price feed=Connected,
7/21/2026 4:50:06 PM,Position,Instrument='MCL SEP26' Account='DEMO7298826' Average price=0 Quantity=0 Market position=Flat Operation=Remove,
7/21/2026 4:50:06 PM,Execution,Execution='474083431107_1' Instrument='MCL SEP26' Account='DEMO7298826' Exchange=Default Price=84.46 Quantity=2 Market position=Short Operation=Operation_Add Order='474083431107' Time='7/21/2026 4:50 PM',
7/21/2026 4:50:06 PM,Order,Order='474083431107/DEMO7298826' Name='Close' New state='Filled' Instrument='MCL SEP26' Action='Sell' Limit price=0 Stop price=0 Quantity=2 Type='Market' Time in force=DAY Oco='' Filled=2 Fill price=84.46 Error='No error' Native error='',
7/21/2026 4:50:06 PM,Order,Order='474083431107/DEMO7298826' Name='Close' New state='Working' Instrument='MCL SEP26' Action='Sell' Limit price=0 Stop price=0 Quantity=2 Type='Market' Time in force=DAY Oco='' Filled=0 Fill price=0 Error='No error' Native error='',
7/21/2026 4:50:06 PM,Order,Order='474083431107/DEMO7298826' Name='Close' New state='Accepted' Instrument='MCL SEP26' Action='Sell' Limit price=0 Stop price=0 Quantity=2 Type='Market' Time in force=DAY Oco='' Filled=0 Fill price=0 Error='No error' Native error='',
7/21/2026 4:50:06 PM,Order,Order='474083431107/DEMO7298826' Name='Close' New state='Submitted' Instrument='MCL SEP26' Action='Sell' Limit price=0 Stop price=0 Quantity=2 Type='Market' Time in force=DAY Oco='' Filled=0 Fill price=0 Error='No error' Native error='',
7/21/2026 4:50:06 PM,Position,Flatten account='DEMO7298826',
7/21/2026 4:50:02 PM,Position,Instrument='MYM SEP26' Account='DEMO7298826' Average price=0 Quantity=0 Market position=Flat Operation=Remove,
7/21/2026 4:50:02 PM,Execution,Execution='474083431096_1' Instrument='MYM SEP26' Account='DEMO7298826' Exchange=Default Price=52416 Quantity=4 Market position=Short Operation=Operation_Add Order='474083431096' Time='7/21/2026 4:50 PM',
7/21/2026 4:50:02 PM,Order,Order='474083431096/DEMO7298826' Name='Close' New state='Filled' Instrument='MYM SEP26' Action='Sell' Limit price=0 Stop price=0 Quantity=4 Type='Market' Time in force=DAY Oco='' Filled=4 Fill price=52416 Error='No error' Native error='',
7/21/2026 4:50:02 PM,Order,Order='474083431096/DEMO7298826' Name='Close' New state='Working' Instrument='MYM SEP26' Action='Sell' Limit price=0 Stop price=0 Quantity=4 Type='Market' Time in force=DAY Oco='' Filled=0 Fill price=0 Error='No error' Native error='',
7/21/2026 4:50:02 PM,Order,Order='474083431096/DEMO7298826' Name='Close' New state='Accepted' Instrument='MYM SEP26' Action='Sell' Limit price=0 Stop price=0 Quantity=4 Type='Market' Time in force=DAY Oco='' Filled=0 Fill price=0 Error='No error' Native error='',
7/21/2026 4:50:02 PM,Order,Order='474083431096/DEMO7298826' Name='Close' New state='Submitted' Instrument='MYM SEP26' Action='Sell' Limit price=0 Stop price=0 Quantity=4 Type='Market' Time in force=DAY Oco='' Filled=0 Fill price=0 Error='No error' Native error='',
7/21/2026 4:50:02 PM,Position,Flatten account='DEMO7298826',
7/21/2026 4:50:02 PM,Position,Instrument='M2K SEP26' Account='DEMO7298826' Average price=0 Quantity=0 Market position=Flat Operation=Remove,
7/21/2026 4:50:02 PM,Execution,Execution='474083431085_1' Instrument='M2K SEP26' Account='DEMO7298826' Exchange=Default Price=2994.7 Quantity=4 Market position=Long Operation=Operation_Add Order='474083431085' Time='7/21/2026 4:50 PM',
7/21/2026 4:50:02 PM,Order,Order='474083431085/DEMO7298826' Name='Close' New state='Filled' Instrument='M2K SEP26' Action='Buy to cover' Limit price=0 Stop price=0 Quantity=4 Type='Market' Time in force=DAY Oco='' Filled=4 Fill price=2994.7 Error='No error' Native error='',
7/21/2026 4:50:01 PM,Order,Order='474083431085/DEMO7298826' Name='Close' New state='Working' Instrument='M2K SEP26' Action='Buy to cover' Limit price=0 Stop price=0 Quantity=4 Type='Market' Time in force=DAY Oco='' Filled=0 Fill price=0 Error='No error' Native error='',
7/21/2026 4:50:01 PM,Order,Order='474083431085/DEMO7298826' Name='Close' New state='Accepted' Instrument='M2K SEP26' Action='Buy to cover' Limit price=0 Stop price=0 Quantity=4 Type='Market' Time in force=DAY Oco='' Filled=0 Fill price=0 Error='No error' Native error='',
7/21/2026 4:50:01 PM,Order,Order='474083431085/DEMO7298826' Name='Close' New state='Submitted' Instrument='M2K SEP26' Action='Buy to cover' Limit price=0 Stop price=0 Quantity=4 Type='Market' Time in force=DAY Oco='' Filled=0 Fill price=0 Error='No error' Native error='',
7/21/2026 4:50:01 PM,Position,Flatten account='DEMO7298826',
7/21/2026 4:50:01 PM,Position,Instrument='MNQ SEP26' Account='DEMO7298826' Average price=0 Quantity=0 Market position=Flat Operation=Remove,
7/21/2026 4:50:01 PM,Execution,Execution='474083431074_1' Instrument='MNQ SEP26' Account='DEMO7298826' Exchange=Default Price=29283 Quantity=1 Market position=Short Operation=Operation_Add Order='474083431074' Time='7/21/2026 4:50 PM',
7/21/2026 4:50:00 PM,Order,Order='474083431074/DEMO7298826' Name='Close' New state='Filled' Instrument='MNQ SEP26' Action='Sell' Limit price=0 Stop price=0 Quantity=1 Type='Market' Time in force=DAY Oco='' Filled=1 Fill price=29283 Error='No error' Native error='',
7/21/2026 4:50:00 PM,Order,Order='474083431074/DEMO7298826' Name='Close' New state='Working' Instrument='MNQ SEP26' Action='Sell' Limit price=0 Stop price=0 Quantity=1 Type='Market' Time in force=DAY Oco='' Filled=0 Fill price=0 Error='No error' Native error='',
7/21/2026 4:50:00 PM,Order,Order='474083431074/DEMO7298826' Name='Close' New state='Accepted' Instrument='MNQ SEP26' Action='Sell' Limit price=0 Stop price=0 Quantity=1 Type='Market' Time in force=DAY Oco='' Filled=0 Fill price=0 Error='No error' Native error='',
7/21/2026 4:50:00 PM,Order,Order='474083431074/DEMO7298826' Name='Close' New state='Submitted' Instrument='MNQ SEP26' Action='Sell' Limit price=0 Stop price=0 Quantity=1 Type='Market' Time in force=DAY Oco='' Filled=0 Fill price=0 Error='No error' Native error='',
7/21/2026 4:50:00 PM,Position,Flatten account='DEMO7298826',
7/21/2026 3:55:01 PM,Position,Instrument='MNQ SEP26' Account='DEMO7298826' Average price=29340.25 Quantity=1 Market position=Long Operation=Operation_Add,
7/21/2026 3:55:01 PM,Execution,Execution='474083431065_1' Instrument='MNQ SEP26' Account='DEMO7298826' Exchange=Default Price=29340.25 Quantity=1 Market position=Long Operation=Operation_Add Order='474083431065' Time='7/21/2026 3:55 PM',
7/21/2026 3:55:01 PM,Order,Order='474083431065/DEMO7298826' Name='' New state='Filled' Instrument='MNQ SEP26' Action='Buy' Limit price=0 Stop price=0 Quantity=1 Type='Market' Time in force=DAY Oco='' Filled=1 Fill price=29340.25 Error='No error' Native error='',
7/21/2026 3:55:01 PM,Order,Order='474083431065/DEMO7298826' Name='' New state='Working' Instrument='MNQ SEP26' Action='Buy' Limit price=0 Stop price=0 Quantity=1 Type='Market' Time in force=DAY Oco='' Filled=0 Fill price=0 Error='No error' Native error='',
7/21/2026 3:55:01 PM,Order,Order='474083431065/DEMO7298826' Name='' New state='Accepted' Instrument='MNQ SEP26' Action='Buy' Limit price=0 Stop price=0 Quantity=1 Type='Market' Time in force=DAY Oco='' Filled=0 Fill price=0 Error='No error' Native error='',
7/21/2026 3:55:01 PM,Order,Order='474083431065/DEMO7298826' Name='' New state='Submitted' Instrument='MNQ SEP26' Action='Buy' Limit price=0 Stop price=0 Quantity=1 Type='Market' Time in force=DAY Oco='' Filled=0 Fill price=0 Error='No error' Native error='',
7/21/2026 3:55:01 PM,Position,Instrument='MNQ SEP26' Account='DEMO7298826' Average price=0 Quantity=0 Market position=Flat Operation=Remove,
7/21/2026 3:55:01 PM,Execution,Execution='474083431054_1' Instrument='MNQ SEP26' Account='DEMO7298826' Exchange=Default Price=29336.75 Quantity=1 Market position=Long Operation=Operation_Add Order='474083431054' Time='7/21/2026 3:55 PM',
7/21/2026 3:55:01 PM,Order,Order='474083431054/DEMO7298826' Name='Close' New state='Filled' Instrument='MNQ SEP26' Action='Buy to cover' Limit price=0 Stop price=0 Quantity=1 Type='Market' Time in force=DAY Oco='' Filled=1 Fill price=29336.75 Error='No error' Native error='',
7/21/2026 3:55:01 PM,Order,Order='474083431054/DEMO7298826' Name='Close' New state='Working' Instrument='MNQ SEP26' Action='Buy to cover' Limit price=0 Stop price=0 Quantity=1 Type='Market' Time in force=DAY Oco='' Filled=0 Fill price=0 Error='No error' Native error='',
7/21/2026 3:55:01 PM,Order,Order='474083431054/DEMO7298826' Name='Close' New state='Accepted' Instrument='MNQ SEP26' Action='Buy to cover' Limit price=0 Stop price=0 Quantity=1 Type='Market' Time in force=DAY Oco='' Filled=0 Fill price=0 Error='No error' Native error='',
7/21/2026 3:55:01 PM,Order,Order='474083431054/DEMO7298826' Name='Close' New state='Submitted' Instrument='MNQ SEP26' Action='Buy to cover' Limit price=0 Stop price=0 Quantity=1 Type='Market' Time in force=DAY Oco='' Filled=0 Fill price=0 Error='No error' Native error='',
7/21/2026 3:55:00 PM,Position,Flatten account='DEMO7298826',
7/21/2026 2:35:03 PM,Position,Instrument='MCL SEP26' Account='DEMO7298826' Average price=84.4 Quantity=2 Market position=Long Operation=Operation_Add,
7/21/2026 2:35:03 PM,Execution,Execution='474083431047_1' Instrument='MCL SEP26' Account='DEMO7298826' Exchange=Default Price=84.4 Quantity=2 Market position=Long Operation=Operation_Add Order='474083431047' Time='7/21/2026 2:35 PM',
7/21/2026 2:35:03 PM,Order,Order='474083431047/DEMO7298826' Name='' New state='Filled' Instrument='MCL SEP26' Action='Buy' Limit price=0 Stop price=0 Quantity=2 Type='Market' Time in force=DAY Oco='' Filled=2 Fill price=84.4 Error='No error' Native error='',
7/21/2026 2:35:03 PM,Order,Order='474083431047/DEMO7298826' Name='' New state='Working' Instrument='MCL SEP26' Action='Buy' Limit price=0 Stop price=0 Quantity=2 Type='Market' Time in force=DAY Oco='' Filled=0 Fill price=0 Error='No error' Native error='',
7/21/2026 2:35:03 PM,Order,Order='474083431047/DEMO7298826' Name='' New state='Accepted' Instrument='MCL SEP26' Action='Buy' Limit price=0 Stop price=0 Quantity=2 Type='Market' Time in force=DAY Oco='' Filled=0 Fill price=0 Error='No error' Native error='',
7/21/2026 2:35:03 PM,Order,Order='474083431047/DEMO7298826' Name='' New state='Submitted' Instrument='MCL SEP26' Action='Buy' Limit price=0 Stop price=0 Quantity=2 Type='Market' Time in force=DAY Oco='' Filled=0 Fill price=0 Error='No error' Native error='',
7/21/2026 2:35:03 PM,Position,Instrument='MCL SEP26' Account='DEMO7298826' Average price=0 Quantity=0 Market position=Flat Operation=Remove,
7/21/2026 2:35:03 PM,Execution,Execution='474083431038_1' Instrument='MCL SEP26' Account='DEMO7298826' Exchange=Default Price=84.4 Quantity=4 Market position=Long Operation=Operation_Add Order='474083431038' Time='7/21/2026 2:35 PM',
7/21/2026 2:35:03 PM,Order,Order='474083431038/DEMO7298826' Name='Close' New state='Filled' Instrument='MCL SEP26' Action='Buy to cover' Limit price=0 Stop price=0 Quantity=4 Type='Market' Time in force=DAY Oco='' Filled=4 Fill price=84.4 Error='No error' Native error='',
7/21/2026 2:35:03 PM,Order,Order='474083431038/DEMO7298826' Name='Close' New state='Working' Instrument='MCL SEP26' Action='Buy to cover' Limit price=0 Stop price=0 Quantity=4 Type='Market' Time in force=DAY Oco='' Filled=0 Fill price=0 Error='No error' Native error='',
7/21/2026 2:35:03 PM,Order,Order='474083431038/DEMO7298826' Name='Close' New state='Accepted' Instrument='MCL SEP26' Action='Buy to cover' Limit price=0 Stop price=0 Quantity=4 Type='Market' Time in force=DAY Oco='' Filled=0 Fill price=0 Error='No error' Native error='',
7/21/2026 2:35:03 PM,Order,Order='474083431038/DEMO7298826' Name='Close' New state='Submitted' Instrument='MCL SEP26' Action='Buy to cover' Limit price=0 Stop price=0 Quantity=4 Type='Market' Time in force=DAY Oco='' Filled=0 Fill price=0 Error='No error' Native error='',
7/21/2026 2:35:02 PM,Position,Flatten account='DEMO7298826',
7/21/2026 9:50:01 AM,Position,Instrument='MNQ SEP26' Account='DEMO7298826' Average price=29146 Quantity=1 Market position=Short Operation=Operation_Add,
7/21/2026 9:50:01 AM,Execution,Execution='474083431029_1' Instrument='MNQ SEP26' Account='DEMO7298826' Exchange=Default Price=29146 Quantity=1 Market position=Short Operation=Operation_Add Order='474083431029' Time='7/21/2026 9:50 AM',
7/21/2026 9:50:01 AM,Order,Order='474083431029/DEMO7298826' Name='' New state='Filled' Instrument='MNQ SEP26' Action='Sell' Limit price=0 Stop price=0 Quantity=1 Type='Market' Time in force=DAY Oco='' Filled=1 Fill price=29146 Error='No error' Native error='',
7/21/2026 9:50:01 AM,Order,Order='474083431029/DEMO7298826' Name='' New state='Working' Instrument='MNQ SEP26' Action='Sell' Limit price=0 Stop price=0 Quantity=1 Type='Market' Time in force=DAY Oco='' Filled=0 Fill price=0 Error='No error' Native error='',
7/21/2026 9:50:01 AM,Order,Order='474083431029/DEMO7298826' Name='' New state='Accepted' Instrument='MNQ SEP26' Action='Sell' Limit price=0 Stop price=0 Quantity=1 Type='Market' Time in force=DAY Oco='' Filled=0 Fill price=0 Error='No error' Native error='',
7/21/2026 9:50:01 AM,Order,Order='474083431029/DEMO7298826' Name='' New state='Submitted' Instrument='MNQ SEP26' Action='Sell' Limit price=0 Stop price=0 Quantity=1 Type='Market' Time in force=DAY Oco='' Filled=0 Fill price=0 Error='No error' Native error='',
7/21/2026 9:50:01 AM,Position,Instrument='MNQ SEP26' Account='DEMO7298826' Average price=0 Quantity=0 Market position=Flat Operation=Remove,
7/21/2026 9:50:01 AM,Execution,Execution='474083431018_1' Instrument='MNQ SEP26' Account='DEMO7298826' Exchange=Default Price=29145.25 Quantity=1 Market position=Short Operation=Operation_Add Order='474083431018' Time='7/21/2026 9:50 AM',
7/21/2026 9:50:01 AM,Order,Order='474083431018/DEMO7298826' Name='Close' New state='Filled' Instrument='MNQ SEP26' Action='Sell' Limit price=0 Stop price=0 Quantity=1 Type='Market' Time in force=DAY Oco='' Filled=1 Fill price=29145.25 Error='No error' Native error='',
7/21/2026 9:50:01 AM,Order,Order='474083431018/DEMO7298826' Name='Close' New state='Working' Instrument='MNQ SEP26' Action='Sell' Limit price=0 Stop price=0 Quantity=1 Type='Market' Time in force=DAY Oco='' Filled=0 Fill price=0 Error='No error' Native error='',
7/21/2026 9:50:01 AM,Order,Order='474083431018/DEMO7298826' Name='Close' New state='Accepted' Instrument='MNQ SEP26' Action='Sell' Limit price=0 Stop price=0 Quantity=1 Type='Market' Time in force=DAY Oco='' Filled=0 Fill price=0 Error='No error' Native error='',
7/21/2026 9:50:01 AM,Order,Order='474083431018/DEMO7298826' Name='Close' New state='Submitted' Instrument='MNQ SEP26' Action='Sell' Limit price=0 Stop price=0 Quantity=1 Type='Market' Time in force=DAY Oco='' Filled=0 Fill price=0 Error='No error' Native error='',
7/21/2026 9:50:00 AM,Position,Flatten account='DEMO7298826',
7/21/2026 9:33:46 AM,Connection,Simulation: Primary connection=Connected Price feed=Connected,
7/21/2026 9:33:45 AM,Connection,Simulation: Primary connection=Connected Price feed=Connection lost,
7/21/2026 7:50:02 AM,Position,Instrument='MNQ SEP26' Account='DEMO7298826' Average price=29178.25 Quantity=1 Market position=Long Operation=Operation_Add,
7/21/2026 7:50:02 AM,Execution,Execution='474083431008_1' Instrument='MNQ SEP26' Account='DEMO7298826' Exchange=Default Price=29178.25 Quantity=1 Market position=Long Operation=Operation_Add Order='474083431008' Time='7/21/2026 7:50 AM',
7/21/2026 7:50:02 AM,Order,Order='474083431008/DEMO7298826' Name='' New state='Filled' Instrument='MNQ SEP26' Action='Buy' Limit price=0 Stop price=0 Quantity=1 Type='Market' Time in force=DAY Oco='' Filled=1 Fill price=29178.25 Error='No error' Native error='',
7/21/2026 7:50:02 AM,Order,Order='474083431008/DEMO7298826' Name='' New state='Working' Instrument='MNQ SEP26' Action='Buy' Limit price=0 Stop price=0 Quantity=1 Type='Market' Time in force=DAY Oco='' Filled=0 Fill price=0 Error='No error' Native error='',
7/21/2026 7:50:02 AM,Order,Order='474083431008/DEMO7298826' Name='' New state='Accepted' Instrument='MNQ SEP26' Action='Buy' Limit price=0 Stop price=0 Quantity=1 Type='Market' Time in force=DAY Oco='' Filled=0 Fill price=0 Error='No error' Native error='',
7/21/2026 7:50:02 AM,Order,Order='474083431008/DEMO7298826' Name='' New state='Submitted' Instrument='MNQ SEP26' Action='Buy' Limit price=0 Stop price=0 Quantity=1 Type='Market' Time in force=DAY Oco='' Filled=0 Fill price=0 Error='No error' Native error='',
7/21/2026 4:20:01 AM,Position,Instrument='MYM SEP26' Account='DEMO7298826' Average price=52256 Quantity=4 Market position=Long Operation=Operation_Add,
7/21/2026 4:20:01 AM,Execution,Execution='474083430999_1' Instrument='MYM SEP26' Account='DEMO7298826' Exchange=Default Price=52256 Quantity=4 Market position=Long Operation=Operation_Add Order='474083430999' Time='7/21/2026 4:20 AM',
7/21/2026 4:20:01 AM,Order,Order='474083430999/DEMO7298826' Name='' New state='Filled' Instrument='MYM SEP26' Action='Buy' Limit price=0 Stop price=0 Quantity=4 Type='Market' Time in force=DAY Oco='' Filled=4 Fill price=52256 Error='No error' Native error='',
7/21/2026 4:20:01 AM,Order,Order='474083430999/DEMO7298826' Name='' New state='Working' Instrument='MYM SEP26' Action='Buy' Limit price=0 Stop price=0 Quantity=4 Type='Market' Time in force=DAY Oco='' Filled=0 Fill price=0 Error='No error' Native error='',
7/21/2026 4:20:01 AM,Order,Order='474083430999/DEMO7298826' Name='' New state='Accepted' Instrument='MYM SEP26' Action='Buy' Limit price=0 Stop price=0 Quantity=4 Type='Market' Time in force=DAY Oco='' Filled=0 Fill price=0 Error='No error' Native error='',
7/21/2026 4:20:01 AM,Order,Order='474083430999/DEMO7298826' Name='' New state='Submitted' Instrument='MYM SEP26' Action='Buy' Limit price=0 Stop price=0 Quantity=4 Type='Market' Time in force=DAY Oco='' Filled=0 Fill price=0 Error='No error' Native error='',
7/21/2026 1:50:01 AM,Position,Instrument='MCL SEP26' Account='DEMO7298826' Average price=81.91 Quantity=4 Market position=Short Operation=Operation_Add,
7/21/2026 1:50:01 AM,Execution,Execution='474083430992_1' Instrument='MCL SEP26' Account='DEMO7298826' Exchange=Default Price=81.91 Quantity=4 Market position=Short Operation=Operation_Add Order='474083430992' Time='7/21/2026 1:50 AM',
7/21/2026 1:50:01 AM,Order,Order='474083430992/DEMO7298826' Name='' New state='Filled' Instrument='MCL SEP26' Action='Sell' Limit price=0 Stop price=0 Quantity=4 Type='Market' Time in force=DAY Oco='' Filled=4 Fill price=81.91 Error='No error' Native error='',
7/21/2026 1:50:01 AM,Order,Order='474083430992/DEMO7298826' Name='' New state='Working' Instrument='MCL SEP26' Action='Sell' Limit price=0 Stop price=0 Quantity=4 Type='Market' Time in force=DAY Oco='' Filled=0 Fill price=0 Error='No error' Native error='',
7/21/2026 1:50:01 AM,Order,Order='474083430992/DEMO7298826' Name='' New state='Accepted' Instrument='MCL SEP26' Action='Sell' Limit price=0 Stop price=0 Quantity=4 Type='Market' Time in force=DAY Oco='' Filled=0 Fill price=0 Error='No error' Native error='',
7/21/2026 1:50:00 AM,Order,Order='474083430992/DEMO7298826' Name='' New state='Submitted' Instrument='MCL SEP26' Action='Sell' Limit price=0 Stop price=0 Quantity=4 Type='Market' Time in force=DAY Oco='' Filled=0 Fill price=0 Error='No error' Native error='',
7/20/2026 8:25:06 PM,Position,Instrument='M2K SEP26' Account='DEMO7298826' Average price=2955.1 Quantity=4 Market position=Short Operation=Operation_Add,
7/20/2026 8:25:06 PM,Execution,Execution='474083430982_1' Instrument='M2K SEP26' Account='DEMO7298826' Exchange=Default Price=2955.1 Quantity=4 Market position=Short Operation=Operation_Add Order='474083430982' Time='7/20/2026 8:25 PM',
7/20/2026 8:25:06 PM,Order,Order='474083430982/DEMO7298826' Name='' New state='Filled' Instrument='M2K SEP26' Action='Sell' Limit price=0 Stop price=0 Quantity=4 Type='Market' Time in force=DAY Oco='' Filled=4 Fill price=2955.1 Error='No error' Native error='',
7/20/2026 8:25:05 PM,Order,Order='474083430982/DEMO7298826' Name='' New state='Working' Instrument='M2K SEP26' Action='Sell' Limit price=0 Stop price=0 Quantity=4 Type='Market' Time in force=DAY Oco='' Filled=0 Fill price=0 Error='No error' Native error='',
7/20/2026 8:25:05 PM,Order,Order='474083430982/DEMO7298826' Name='' New state='Accepted' Instrument='M2K SEP26' Action='Sell' Limit price=0 Stop price=0 Quantity=4 Type='Market' Time in force=DAY Oco='' Filled=0 Fill price=0 Error='No error' Native error='',
7/20/2026 8:25:05 PM,Order,Order='474083430982/DEMO7298826' Name='' New state='Submitted' Instrument='M2K SEP26' Action='Sell' Limit price=0 Stop price=0 Quantity=4 Type='Market' Time in force=DAY Oco='' Filled=0 Fill price=0 Error='No error' Native error='',
7/20/2026 5:03:06 PM,Connection,Simulation: Primary connection=Connected Price feed=Connected,
7/20/2026 5:03:04 PM,Connection,Simulation: Primary connection=Connection lost Price feed=Connection lost,
7/20/2026 5:03:03 PM,Connection,Simulation: Primary connection=Connection lost Price feed=Connected,
7/20/2026 4:50:04 PM,Position,Instrument='MCL SEP26' Account='DEMO7298826' Average price=0 Quantity=0 Market position=Flat Operation=Remove,
7/20/2026 4:50:04 PM,Execution,Execution='474083430966_1' Instrument='MCL SEP26' Account='DEMO7298826' Exchange=Default Price=82.48 Quantity=1 Market position=Long Operation=Operation_Add Order='474083430966' Time='7/20/2026 4:50 PM',
7/20/2026 4:50:04 PM,Order,Order='474083430966/DEMO7298826' Name='Close' New state='Filled' Instrument='MCL SEP26' Action='Buy to cover' Limit price=0 Stop price=0 Quantity=1 Type='Market' Time in force=DAY Oco='' Filled=1 Fill price=82.48 Error='No error' Native error='',
7/20/2026 4:50:04 PM,Order,Order='474083430966/DEMO7298826' Name='Close' New state='Working' Instrument='MCL SEP26' Action='Buy to cover' Limit price=0 Stop price=0 Quantity=1 Type='Market' Time in force=DAY Oco='' Filled=0 Fill price=0 Error='No error' Native error='',
7/20/2026 4:50:04 PM,Order,Order='474083430966/DEMO7298826' Name='Close' New state='Accepted' Instrument='MCL SEP26' Action='Buy to cover' Limit price=0 Stop price=0 Quantity=1 Type='Market' Time in force=DAY Oco='' Filled=0 Fill price=0 Error='No error' Native error='',
7/20/2026 4:50:04 PM,Order,Order='474083430966/DEMO7298826' Name='Close' New state='Submitted' Instrument='MCL SEP26' Action='Buy to cover' Limit price=0 Stop price=0 Quantity=1 Type='Market' Time in force=DAY Oco='' Filled=0 Fill price=0 Error='No error' Native error='',
7/20/2026 4:50:04 PM,Position,Flatten account='DEMO7298826',
7/20/2026 4:50:03 PM,Position,Instrument='MYM SEP26' Account='DEMO7298826' Average price=0 Quantity=0 Market position=Flat Operation=Remove,
7/20/2026 4:50:03 PM,Execution,Execution='474083430955_1' Instrument='MYM SEP26' Account='DEMO7298826' Exchange=Default Price=52083 Quantity=2 Market position=Short Operation=Operation_Add Order='474083430955' Time='7/20/2026 4:50 PM',
7/20/2026 4:50:03 PM,Order,Order='474083430955/DEMO7298826' Name='Close' New state='Filled' Instrument='MYM SEP26' Action='Sell' Limit price=0 Stop price=0 Quantity=2 Type='Market' Time in force=DAY Oco='' Filled=2 Fill price=52083 Error='No error' Native error='',
7/20/2026 4:50:03 PM,Order,Order='474083430955/DEMO7298826' Name='Close' New state='Working' Instrument='MYM SEP26' Action='Sell' Limit price=0 Stop price=0 Quantity=2 Type='Market' Time in force=DAY Oco='' Filled=0 Fill price=0 Error='No error' Native error='',
7/20/2026 4:50:03 PM,Order,Order='474083430955/DEMO7298826' Name='Close' New state='Accepted' Instrument='MYM SEP26' Action='Sell' Limit price=0 Stop price=0 Quantity=2 Type='Market' Time in force=DAY Oco='' Filled=0 Fill price=0 Error='No error' Native error='',
7/20/2026 4:50:03 PM,Order,Order='474083430955/DEMO7298826' Name='Close' New state='Submitted' Instrument='MYM SEP26' Action='Sell' Limit price=0 Stop price=0 Quantity=2 Type='Market' Time in force=DAY Oco='' Filled=0 Fill price=0 Error='No error' Native error='',
7/20/2026 4:50:03 PM,Position,Flatten account='DEMO7298826',
7/20/2026 9:35:11 AM,Position,Instrument='MCL SEP26' Account='DEMO7298826' Average price=81.18 Quantity=1 Market position=Short Operation=Operation_Add,
7/20/2026 9:35:11 AM,Execution,Execution='474083430948_1' Instrument='MCL SEP26' Account='DEMO7298826' Exchange=Default Price=81.18 Quantity=1 Market position=Short Operation=Operation_Add Order='474083430948' Time='7/20/2026 9:35 AM',
7/20/2026 9:35:11 AM,Order,Order='474083430948/DEMO7298826' Name='' New state='Filled' Instrument='MCL SEP26' Action='Sell' Limit price=0 Stop price=0 Quantity=1 Type='Market' Time in force=DAY Oco='' Filled=1 Fill price=81.18 Error='No error' Native error='',
7/20/2026 9:35:11 AM,Order,Order='474083430948/DEMO7298826' Name='' New state='Working' Instrument='MCL SEP26' Action='Sell' Limit price=0 Stop price=0 Quantity=1 Type='Market' Time in force=DAY Oco='' Filled=0 Fill price=0 Error='No error' Native error='',
7/20/2026 9:35:11 AM,Order,Order='474083430948/DEMO7298826' Name='' New state='Accepted' Instrument='MCL SEP26' Action='Sell' Limit price=0 Stop price=0 Quantity=1 Type='Market' Time in force=DAY Oco='' Filled=0 Fill price=0 Error='No error' Native error='',
7/20/2026 9:35:10 AM,Order,Order='474083430948/DEMO7298826' Name='' New state='Submitted' Instrument='MCL SEP26' Action='Sell' Limit price=0 Stop price=0 Quantity=1 Type='Market' Time in force=DAY Oco='' Filled=0 Fill price=0 Error='No error' Native error='',
7/20/2026 9:35:10 AM,Position,Instrument='MCL SEP26' Account='DEMO7298826' Average price=0 Quantity=0 Market position=Flat Operation=Remove,
7/20/2026 9:35:10 AM,Execution,Execution='474083430939_1' Instrument='MCL SEP26' Account='DEMO7298826' Exchange=Default Price=81.18 Quantity=3 Market position=Short Operation=Operation_Add Order='474083430939' Time='7/20/2026 9:35 AM',
7/20/2026 9:35:10 AM,Order,Order='474083430939/DEMO7298826' Name='Close' New state='Filled' Instrument='MCL SEP26' Action='Sell' Limit price=0 Stop price=0 Quantity=3 Type='Market' Time in force=DAY Oco='' Filled=3 Fill price=81.18 Error='No error' Native error='',
7/20/2026 9:35:10 AM,Order,Order='474083430939/DEMO7298826' Name='Close' New state='Working' Instrument='MCL SEP26' Action='Sell' Limit price=0 Stop price=0 Quantity=3 Type='Market' Time in force=DAY Oco='' Filled=0 Fill price=0 Error='No error' Native error='',
7/20/2026 9:35:10 AM,Order,Order='474083430939/DEMO7298826' Name='Close' New state='Accepted' Instrument='MCL SEP26' Action='Sell' Limit price=0 Stop price=0 Quantity=3 Type='Market' Time in force=DAY Oco='' Filled=0 Fill price=0 Error='No error' Native error='',
7/20/2026 9:35:10 AM,Order,Order='474083430939/DEMO7298826' Name='Close' New state='Submitted' Instrument='MCL SEP26' Action='Sell' Limit price=0 Stop price=0 Quantity=3 Type='Market' Time in force=DAY Oco='' Filled=0 Fill price=0 Error='No error' Native error='',
7/20/2026 9:35:10 AM,Position,Flatten account='DEMO7298826',
7/20/2026 9:35:02 AM,Position,Instrument='MYM SEP26' Account='DEMO7298826' Average price=52499 Quantity=2 Market position=Long Operation=Operation_Add,
7/20/2026 9:35:02 AM,Execution,Execution='474083430930_1' Instrument='MYM SEP26' Account='DEMO7298826' Exchange=Default Price=52499 Quantity=2 Market position=Long Operation=Operation_Add Order='474083430930' Time='7/20/2026 9:35 AM',
7/20/2026 9:35:02 AM,Order,Order='474083430930/DEMO7298826' Name='' New state='Filled' Instrument='MYM SEP26' Action='Buy' Limit price=0 Stop price=0 Quantity=2 Type='Market' Time in force=DAY Oco='' Filled=2 Fill price=52499 Error='No error' Native error='',
7/20/2026 9:35:01 AM,Order,Order='474083430930/DEMO7298826' Name='' New state='Working' Instrument='MYM SEP26' Action='Buy' Limit price=0 Stop price=0 Quantity=2 Type='Market' Time in force=DAY Oco='' Filled=0 Fill price=0 Error='No error' Native error='',
7/20/2026 9:35:01 AM,Order,Order='474083430930/DEMO7298826' Name='' New state='Accepted' Instrument='MYM SEP26' Action='Buy' Limit price=0 Stop price=0 Quantity=2 Type='Market' Time in force=DAY Oco='' Filled=0 Fill price=0 Error='No error' Native error='',
7/20/2026 9:35:01 AM,Order,Order='474083430930/DEMO7298826' Name='' New state='Submitted' Instrument='MYM SEP26' Action='Buy' Limit price=0 Stop price=0 Quantity=2 Type='Market' Time in force=DAY Oco='' Filled=0 Fill price=0 Error='No error' Native error='',
7/20/2026 9:35:01 AM,Position,Instrument='MYM SEP26' Account='DEMO7298826' Average price=0 Quantity=0 Market position=Flat Operation=Remove,
7/20/2026 9:35:01 AM,Execution,Execution='474083430919_1' Instrument='MYM SEP26' Account='DEMO7298826' Exchange=Default Price=52499 Quantity=4 Market position=Long Operation=Operation_Add Order='474083430919' Time='7/20/2026 9:35 AM',
7/20/2026 9:35:01 AM,Order,Order='474083430919/DEMO7298826' Name='Close' New state='Filled' Instrument='MYM SEP26' Action='Buy to cover' Limit price=0 Stop price=0 Quantity=4 Type='Market' Time in force=DAY Oco='' Filled=4 Fill price=52499 Error='No error' Native error='',
7/20/2026 9:35:01 AM,Order,Order='474083430919/DEMO7298826' Name='Close' New state='Working' Instrument='MYM SEP26' Action='Buy to cover' Limit price=0 Stop price=0 Quantity=4 Type='Market' Time in force=DAY Oco='' Filled=0 Fill price=0 Error='No error' Native error='',
7/20/2026 9:35:01 AM,Order,Order='474083430919/DEMO7298826' Name='Close' New state='Accepted' Instrument='MYM SEP26' Action='Buy to cover' Limit price=0 Stop price=0 Quantity=4 Type='Market' Time in force=DAY Oco='' Filled=0 Fill price=0 Error='No error' Native error='',
7/20/2026 9:35:01 AM,Order,Order='474083430919/DEMO7298826' Name='Close' New state='Submitted' Instrument='MYM SEP26' Action='Buy to cover' Limit price=0 Stop price=0 Quantity=4 Type='Market' Time in force=DAY Oco='' Filled=0 Fill price=0 Error='No error' Native error='',
7/20/2026 9:35:01 AM,Position,Flatten account='DEMO7298826',
7/19/2026 9:50:05 PM,Position,Instrument='MCL SEP26' Account='DEMO7298826' Average price=83.81 Quantity=3 Market position=Long Operation=Operation_Add,
7/19/2026 9:50:05 PM,Execution,Execution='474083430911_1' Instrument='MCL SEP26' Account='DEMO7298826' Exchange=Default Price=83.81 Quantity=3 Market position=Long Operation=Operation_Add Order='474083430911' Time='7/19/2026 9:50 PM',
7/19/2026 9:50:05 PM,Order,Order='474083430911/DEMO7298826' Name='' New state='Filled' Instrument='MCL SEP26' Action='Buy' Limit price=0 Stop price=0 Quantity=3 Type='Market' Time in force=DAY Oco='' Filled=3 Fill price=83.81 Error='No error' Native error='',
7/19/2026 9:50:05 PM,Order,Order='474083430911/DEMO7298826' Name='' New state='Working' Instrument='MCL SEP26' Action='Buy' Limit price=0 Stop price=0 Quantity=3 Type='Market' Time in force=DAY Oco='' Filled=0 Fill price=0 Error='No error' Native error='',
7/19/2026 9:50:05 PM,Order,Order='474083430911/DEMO7298826' Name='' New state='Accepted' Instrument='MCL SEP26' Action='Buy' Limit price=0 Stop price=0 Quantity=3 Type='Market' Time in force=DAY Oco='' Filled=0 Fill price=0 Error='No error' Native error='',
7/19/2026 9:50:05 PM,Order,Order='474083430911/DEMO7298826' Name='' New state='Submitted' Instrument='MCL SEP26' Action='Buy' Limit price=0 Stop price=0 Quantity=3 Type='Market' Time in force=DAY Oco='' Filled=0 Fill price=0 Error='No error' Native error='',
7/19/2026 9:45:09 PM,Position,Instrument='MYM SEP26' Account='DEMO7298826' Average price=52322 Quantity=4 Market position=Short Operation=Operation_Add,
7/19/2026 9:45:08 PM,Execution,Execution='474083430900_1' Instrument='MYM SEP26' Account='DEMO7298826' Exchange=Default Price=52322 Quantity=4 Market position=Short Operation=Operation_Add Order='474083430900' Time='7/19/2026 9:45 PM',
7/19/2026 9:45:08 PM,Order,Order='474083430900/DEMO7298826' Name='' New state='Filled' Instrument='MYM SEP26' Action='Sell' Limit price=0 Stop price=0 Quantity=4 Type='Market' Time in force=DAY Oco='' Filled=4 Fill price=52322 Error='No error' Native error='',
7/19/2026 9:45:08 PM,Order,Order='474083430900/DEMO7298826' Name='' New state='Working' Instrument='MYM SEP26' Action='Sell' Limit price=0 Stop price=0 Quantity=4 Type='Market' Time in force=DAY Oco='' Filled=0 Fill price=0 Error='No error' Native error='',
7/19/2026 9:45:08 PM,Order,Order='474083430900/DEMO7298826' Name='' New state='Accepted' Instrument='MYM SEP26' Action='Sell' Limit price=0 Stop price=0 Quantity=4 Type='Market' Time in force=DAY Oco='' Filled=0 Fill price=0 Error='No error' Native error='',
7/19/2026 9:45:07 PM,Order,Order='474083430900/DEMO7298826' Name='' New state='Submitted' Instrument='MYM SEP26' Action='Sell' Limit price=0 Stop price=0 Quantity=4 Type='Market' Time in force=DAY Oco='' Filled=0 Fill price=0 Error='No error' Native error='',
7/19/2026 5:03:04 PM,Connection,Using HDS (hds-us-nt-013.ninjatrader.com/31655),
7/19/2026 5:03:04 PM,Connection,Time to auto close position='12:00:00 AM' Enabled=False,
7/19/2026 5:03:04 PM,Connection,Simulation: Primary connection=Connected Price feed=Connected,
7/19/2026 5:03:02 PM,Connection,Simulation: Primary connection=Connecting Price feed=Connecting,
7/19/2026 5:02:55 PM,Default,Restoring workspace 'Getting Started (Basic)'...,
7/19/2026 5:02:52 PM,Default,Auto close enabled=False,
7/19/2026 5:02:52 PM,Order,Order entry hot keys disabled,
7/19/2026 5:02:52 PM,Connection,Using IS (is-us-nt-005.ninjatrader.com/31658),
7/19/2026 5:02:52 PM,Default,Automated trading enabled (port 36973),
7/19/2026 5:02:47 PM,Default,Vendor assembly 'CrossTrade_AddOn_v1.13.5' version='1.13.5.0' loaded.,
7/19/2026 5:02:44 PM,Default,Global simulation mode disabled,
7/19/2026 5:02:18 PM,Default,Session Break (Version 8.1.7.2),
